"cod_cliente","nombre","ciudad","estado","tipo","rango_etario"
"1001","Nowmer, Sheri","Poughkeepsie","New York","minorista","50+"
"1002","Whelply, Derrick","Manhattan","New York","minorista","50+"
"1003","Derry, Jeanne","Long Island","New York","minorista","50+"
"1004","Spence, Michael","Buffalo","New York","minorista","50+"
"1005","Gutierrez, Maya","Yorktown","New York","minorista","50+"
"1006","Damstra, Robert","Manhattan","New York","minorista","50+"
"1007","Kanagaki, Rebecca","Ithaca","New York","minorista","50+"
"1008","Brunner, Kim","Buffalo","New York","minorista","50+"
"1009","Blumberg, Brenda","Yorktown","New York","minorista","50+"
"1010","Stanz, Darren","Millbrook","New York","minorista","50+"
"1011","Murraiin, Jonathan","Long Island","New York","minorista","50+"
"1012","Creek, Jewel","Manhattan","New York","minorista","50+"
"1013","Medina, Peggy","Poughkeepsie","New York","minorista","50+"
"1014","Rutledge, Bryan","Manhattan","New York","minorista","50+"
"1015","Cavestany, Walter","Ithaca","New York","minorista","50+"
"1016","Planck, Peggy","Millbrook","New York","minorista","50+"
"1017","Marshall, Brenda","Yorktown","New York","minorista","50+"
"1018","Wolter, Daniel","Poughkeepsie","New York","minorista","50+"
"1019","Collins, Dianne","Andover","Massachusetts","minorista","50+"
"1020","Baker, Beverly","Cape Cod","Massachusetts","minorista","50+"
"1021","Castillo, Pedro","Cape Cod","Massachusetts","minorista","50+"
"1022","Borges, Laurie","Acton","Massachusetts","minorista","50+"
"1023","Wyro, Shauna","Andover","Massachusetts","minorista","50+"
"1024","Wyllie, Jacqueline","Andover","Massachusetts","minorista","50+"
"1025","Conley, Lin","Cape Cod","Massachusetts","minorista","50+"
"1026","Bernard, Jose","Andover","Massachusetts","minorista","50+"
"1027","Macaluso, Charles","Manchester","New Hampshire","minorista","50+"
"1028","Wood, Lois","Manchester","New Hampshire","minorista","50+"
"1029","Armstrong, Kevin","Manchester","New Hampshire","minorista","50+"
"1030","Goldey, Cody","Manchester","New Hampshire","minorista","50+"
"1031","Nickell, Paula","Portsmouth","New Hampshire","minorista","50+"
"1032","Long, Eric","Portsmouth","New Hampshire","minorista","50+"
"1033","Solimena, Mary","Portsmouth","New Hampshire","minorista","50+"
"1034","Muenich, Nathan","Portsmouth","New Hampshire","minorista","50+"
"1035","Young, Ed","Portsmouth","New Hampshire","minorista","50+"
"1036","Arnold, Donna","Manchester","New Hampshire","minorista","50+"
"1037","Cooper, Jennifer","Manchester","New Hampshire","minorista","50+"
"1038","Petty, Peggy","Portsmouth","New Hampshire","minorista","50+"
"1039","Olguin, Jessica","Manchester","New Hampshire","minorista","50+"
"1040","Burchett, Phyllis","Manchester","New Hampshire","minorista","50+"
"1041","Bechard, Howard","Manchester","New Hampshire","minorista","50+"
"1042","Carter, Doris","Manchester","New Hampshire","minorista","50+"
"1043","Sharp, Juanita","New London","Connecticut","minorista","50+"
"1044","Brunner, Sandra","Danbury","Connecticut","minorista","50+"
"1045","Staton, Ernest","New London","Connecticut","minorista","50+"
"1046","Sims, Rose","New Canaan","Connecticut","minorista","50+"
"1047","De Carlo, Lauretta","New Canaan","Connecticut","minorista","50+"
"1048","Williams, Mary","New Canaan","Connecticut","minorista","50+"
"1049","Burke, Terri","New London","Connecticut","minorista","50+"
"1050","Osborn, Audrey","New London","Connecticut","minorista","50+"
"1051","Binai, Brian","Danbury","Connecticut","minorista","50+"
"1052","Lozada, Concepcion","Danbury","Connecticut","minorista","50+"
"1053","Tays, Paul","New London","Connecticut","minorista","50+"
"1054","Thorton, Cheryl","New Canaan","Connecticut","minorista","50+"
"1055","Dumin, Gary","Tampa Bay","Florida","minorista","50+"
"1056","Chin, Pat","Orlando","Florida","minorista","50+"
"1057","Lovell, Zach","Miami","Florida","minorista","50+"
"1058","Ratcliff, Dave","Miami","Florida","minorista","50+"
"1059","Moss, Elizabeth","Tampa Bay","Florida","minorista","50+"
"1060","Anderson, Lori","Tampa Bay","Florida","minorista","50+"
"1061","Everson, Michael","Miami","Florida","minorista","35-49"
"1062","Borden, Mary","Tampa Bay","Florida","minorista","50+"
"1063","Willson, Sue","Tampa Bay","Florida","minorista","50+"
"1064","Harris, Clayton","Orlando","Florida","minorista","50+"
"1065","Contreras, Whitney","Orlando","Florida","minorista","50+"
"1066","Pusedu, Boyd","Orlando","Florida","minorista","50+"
"1067","Stedman, Cian","Orlando","Florida","minorista","35-49"
"1068","Zocchi, Michele","Orlando","Florida","minorista","50+"
"1069","Walsh, Jean","Tampa Bay","Florida","minorista","50+"
"1070","Renfro, Leopoldo","Orlando","Florida","minorista","50+"
"1071","Brockett, Donna","Chicago","Illinois","minorista","50+"
"1072","Anderson, Laurie","Chicago","Illinois","minorista","50+"
"1073","Gomez, Louis","Peoria","Illinois","minorista","50+"
"1074","Walker, Julie","Peoria","Illinois","minorista","50+"
"1075","Jones, Jay","Chicago","Illinois","minorista","50+"
"1076","Winfrey, Gayle","Peoria","Illinois","minorista","50+"
"1077","Brown, Yasmina","Peoria","Illinois","minorista","50+"
"1078","Touchstone, Joseph","Peoria","Illinois","minorista","50+"
"1079","Bakhtyari, Mary","Peoria","Illinois","minorista","50+"
"1080","Glass, Melvin","Chicago","Illinois","minorista","50+"
"1081","Cohen, Kristin","Chicago","Illinois","minorista","50+"
"1082","Kharman, Susan","Peoria","Illinois","minorista","50+"
"1083","Kirschner, Gordon","Peoria","Illinois","minorista","50+"
"1084","Burger, William","Chicago","Illinois","minorista","50+"
"1085","Blau, Lana","Peoria","Illinois","minorista","50+"
"1086","Derby, Donna","Chicago","Illinois","minorista","50+"
"1087","Thomson, Kathleen","Peoria","Illinois","minorista","50+"
"1088","Walton, Gabriel","Chicago","Illinois","minorista","50+"
"1089","Meastas, Bishop","Chicago","Illinois","minorista","50+"
"1090","Kouba, Geneva","Chicago","Illinois","minorista","50+"
"1091","Clark, Tricia","Peoria","Illinois","minorista","50+"
"1092","Munn, Debi","Madison","Wisconsin","minorista","50+"
"1093","Goldberg, Patricia","Milwaukee","Wisconsin","minorista","50+"
"1094","Magenheim, Susan","Appleton","Wisconsin","minorista","50+"
"1095","Hance, Nancy","Madison","Wisconsin","minorista","50+"
"1096","Mehlert, Rhonda","Madison","Wisconsin","minorista","50+"
"1097","Duran, Paula","Appleton","Wisconsin","minorista","50+"
"1098","Earley, Margaret","Madison","Wisconsin","minorista","50+"
"1099","Horne, Elizabeth","Madison","Wisconsin","minorista","50+"
"1100","Hunt, Mary","Milwaukee","Wisconsin","minorista","50+"
"1101","Allen, Libby","Milwaukee","Wisconsin","minorista","50+"
"1102","Bruno, Bonnie","Madison","Wisconsin","minorista","50+"
"1103","Bowers, Angela","Milwaukee","Wisconsin","minorista","50+"
"1104","Gonzales, Donald","Madison","Wisconsin","minorista","50+"
"1105","Valdez, Sylvester","Milwaukee","Wisconsin","minorista","50+"
"1106","Stewart, John","Appleton","Wisconsin","minorista","50+"
"1107","Velasquez, Barney","Madison","Wisconsin","minorista","50+"
"1108","Dubois, Kenneth","Madison","Wisconsin","minorista","50+"
"1109","Maestas, Kate","Appleton","Wisconsin","minorista","50+"
"1110","Underwood, Josie","Milwaukee","Wisconsin","minorista","50+"
"1111","Strain, Ramon","Appleton","Wisconsin","minorista","50+"
"1112","Azari, Pat","Columbus","Ohio","minorista","50+"
"1113","Dabit, Bob","Akron","Ohio","minorista","50+"
"1114","Carmona, Marty","Columbus","Ohio","minorista","50+"
"1115","Saxton, Gina","Akron","Ohio","minorista","50+"
"1116","McLaughlin, Juan","Toledo","Ohio","minorista","50+"
"1117","Eyster, Carol","Columbus","Ohio","minorista","50+"
"1118","Henry, Nancy","Toledo","Ohio","minorista","50+"
"1119","Barros, Chris","Akron","Ohio","minorista","50+"
"1120","Groome, Christopher","Cleveland","Ohio","minorista","50+"
"1121","Hill, Anna","Toledo","Ohio","minorista","50+"
"1122","Williams, Ramon","Akron","Ohio","minorista","50+"
"1123","Masters, Scott","Cleveland","Ohio","minorista","50+"
"1124","Brady, Jr., Joseph","Columbus","Ohio","minorista","50+"
"1125","Gray, Ellen","Akron","Ohio","minorista","50+"
"1126","Fielder, Henry","Columbus","Ohio","minorista","50+"
"1127","Finnell, Jeanine","Cleveland","Ohio","minorista","50+"
"1128","Schuetz, Ian","Cleveland","Ohio","minorista","50+"
"1129","Runyon, Richard","Kansas City","Missouri","minorista","50+"
"1130","Potter, Linda","Kansas City","Missouri","minorista","50+"
"1131","Smith, Mary","St. Loius","Missouri","minorista","50+"
"1132","Brumagen, Barbara","St. Loius","Missouri","minorista","50+"
"1133","Hamilton, Thelma","Kansas City","Missouri","minorista","50+"
"1134","J Wilbert, Shirley","Kansas City","Missouri","minorista","50+"
"1135","Ingram, Jeremy","St. Loius","Missouri","minorista","50+"
"1136","Haddix, Sharon","Kansas City","Missouri","minorista","50+"
"1137","Thomas, Leland","Kansas City","Missouri","minorista","50+"
"1138","Wilson, Don","St. Loius","Missouri","minorista","50+"
"1139","Stovall, Wayne","Kansas City","Missouri","minorista","50+"
"1140","Russell, Douglas","Kansas City","Missouri","minorista","50+"
"1141","Doose, Maureen","Kansas City","Missouri","minorista","50+"
"1142","Morreale, Ann","St. Loius","Missouri","minorista","50+"
"1143","Rupert, Sheila","Kansas City","Missouri","minorista","50+"
"1144","Pierson, Ashley","St. Loius","Missouri","minorista","50+"
"1145","Nickels, Ivan","Kansas City","Missouri","minorista","50+"
"1146","Neuhauser, Chad","St. Loius","Missouri","minorista","50+"
"1147","Coke, Ann","Kansas City","Missouri","minorista","50+"
"1148","Scarbrough, Jon","Kansas City","Missouri","minorista","50+"
"1149","Martensen, Lillian","St. Loius","Missouri","minorista","50+"
"1150","McCormick, Mary","St. Loius","Missouri","minorista","50+"
"1151","Sparacino, James","St. Loius","Missouri","minorista","50+"
"1152","Racette, John","Kansas City","Missouri","minorista","50+"
"1153","Thompson, Edwardo","Des Moines","Iowa","minorista","50+"
"1154","Warren, Sam","Dubuque","Iowa","minorista","50+"
"1155","Chow-Wang, Shelby","Des Moines","Iowa","minorista","50+"
"1156","Wood, Nelly","Dubuque","Iowa","minorista","50+"
"1157","Morgan, Jackie","Des Moines","Iowa","minorista","50+"
"1158","Boje, Gavin","Des Moines","Iowa","minorista","50+"
"1159","Tsujimoto, Marlene","Dubuque","Iowa","minorista","50+"
"1160","Bouton, RitaIva","Des Moines","Iowa","minorista","50+"
"1161","Gras, Dell","Des Moines","Iowa","minorista","50+"
"1162","Solano, Christopher","Des Moines","Iowa","minorista","50+"
"1163","Armstrong, George","Dubuque","Iowa","minorista","50+"
"1164","Aldred, Kristine","Dubuque","Iowa","minorista","50+"
"1165","Jorgenson, Tom","Des Moines","Iowa","minorista","50+"
"1166","Turner, Dana","Des Moines","Iowa","minorista","50+"
"1167","Zakerski, Terry","Dubuque","Iowa","minorista","50+"
"1168","Carlson, David","Des Moines","Iowa","minorista","50+"
"1169","Symons, Linda","Dubuque","Iowa","minorista","50+"
"1170","Reynolds, Louis","Dubuque","Iowa","minorista","50+"
"1171","Ibsen, Maureen","Dubuque","Iowa","minorista","50+"
"1172","Ciochon, Virginia","Dubuque","Iowa","minorista","50+"
"1173","Berger, Steve","Oklahoma City","Oklahoma","minorista","50+"
"1174","Bayol, James","Oklahoma City","Oklahoma","minorista","50+"
"1175","Thumann, Meredith","Tulsa","Oklahoma","minorista","50+"
"1176","Jones, Julie","Oklahoma City","Oklahoma","minorista","50+"
"1177","Bury, Janet","Tulsa","Oklahoma","minorista","50+"
"1178","Bevan, Onita","Tulsa","Oklahoma","minorista","50+"
"1179","Monarco, Mary","Oklahoma City","Oklahoma","minorista","35-49"
"1180","Zingarelli, Vicky","Oklahoma City","Oklahoma","minorista","50+"
"1181","Valentine, Helen","Tulsa","Oklahoma","minorista","50+"
"1182","Scheulen, Carol","Oklahoma City","Oklahoma","minorista","50+"
"1183","Koon, Virgie","Tulsa","Oklahoma","minorista","50+"
"1184","Amole, Sarah","Oklahoma City","Oklahoma","minorista","50+"
"1185","Hill, Cecil","Oklahoma City","Oklahoma","minorista","35-49"
"1186","Tate, Ruth","Oklahoma City","Oklahoma","minorista","50+"
"1187","Schnurr, Larry","Oklahoma City","Oklahoma","minorista","50+"
"1188","Sutton, Jerry","Tulsa","Oklahoma","minorista","50+"
"1189","Mlincek, Kevin","Tulsa","Oklahoma","minorista","50+"
"1190","Tucker, Edward","Oklahoma City","Oklahoma","minorista","50+"
"1191","Forham, Kenton","Tulsa","Oklahoma","minorista","50+"
"1192","Malik, Brittany","New Orleans","Louisiana","minorista","50+"
"1193","Eldridge, Jeannette","New Orleans","Louisiana","minorista","50+"
"1194","Anderson, Terry","New Orleans","Louisiana","minorista","50+"
"1195","Sosa, Loni","New Orleans","Louisiana","minorista","50+"
"1196","Mann, Marie","Shreveport","Louisiana","minorista","50+"
"1197","Prater, Michael","New Orleans","Louisiana","minorista","50+"
"1198","Ansaldo, Karen","New Orleans","Louisiana","minorista","50+"
"1199","Caijem, Lance","New Orleans","Louisiana","minorista","50+"
"1200","Yates, Pamela","Shreveport","Louisiana","minorista","50+"
"1201","Turner, Iwona","New Orleans","Louisiana","minorista","50+"
"1202","Fulcher, Mary","Shreveport","Louisiana","minorista","50+"
"1203","Berg, Raymond","New Orleans","Louisiana","minorista","50+"
"1204","Lopez, Ramona","Shreveport","Louisiana","minorista","50+"
"1205","Valdivia, Helen","New Orleans","Louisiana","minorista","50+"
"1206","Cardoza, Beverly","New Orleans","Louisiana","minorista","50+"
"1207","Hall, Mary","Shreveport","Louisiana","minorista","50+"
"1208","Minarick, Rachel","New Orleans","Louisiana","minorista","50+"
"1209","Los Olmos, Dorine","Shreveport","Louisiana","minorista","50+"
"1210","Garner, Dave","Dallas","Texas","minorista","50+"
"1211","Leong, Lois","Houston","Texas","minorista","50+"
"1212","Tate, Larasa","Amarillo","Texas","minorista","50+"
"1213","Watson, David","San Antonio","Texas","minorista","50+"
"1214","Frank, James","San Antonio","Texas","minorista","50+"
"1215","Wood, Alfredo","Dallas","Texas","minorista","50+"
"1216","Baird, Dorothy","San Antonio","Texas","minorista","50+"
"1217","Jans, George","Amarillo","Texas","minorista","50+"
"1218","Garrison, Bernadine","Houston","Texas","minorista","50+"
"1219","Zeller, Sam","Houston","Texas","minorista","50+"
"1220","Ace, Dorothy","Sweetwater","Texas","minorista","50+"
"1221","Trujillo, Adria","San Antonio","Texas","minorista","50+"
"1222","McCown, Bunny","Amarillo","Texas","minorista","50+"
"1223","Miller, Nancy","San Antonio","Texas","minorista","50+"
"1224","Hollar, Wanda","Amarillo","Texas","minorista","50+"
"1225","Wallin, Barbara","Houston","Texas","minorista","50+"
"1226","Bruha, Michael","Houston","Texas","minorista","50+"
"1227","Suggs, Michael","Albuquerque","New Mexico","minorista","50+"
"1228","Turner, Kenneth","Albuquerque","New Mexico","minorista","50+"
"1229","Griffin, Lois","Albuquerque","New Mexico","minorista","50+"
"1230","Guardamondo, Robert","Albuquerque","New Mexico","minorista","50+"
"1231","West, Bryan","Albuquerque","New Mexico","minorista","50+"
"1232","Welsh, Vicki","Albuquerque","New Mexico","minorista","50+"
"1233","McCollum, Harvey","Albuquerque","New Mexico","minorista","50+"
"1234","Cramer, Mary","Albuquerque","New Mexico","minorista","50+"
"1235","Fike, Linda","Albuquerque","New Mexico","minorista","50+"
"1236","Adair, Sam","Albuquerque","New Mexico","minorista","50+"
"1237","Kolosso, Jerry","Albuquerque","New Mexico","minorista","50+"
"1238","Carpenter, Todd","Albuquerque","New Mexico","minorista","50+"
"1239","Watkins, Lisa","Albuquerque","New Mexico","minorista","50+"
"1240","Barrera, Kevin","Albuquerque","New Mexico","minorista","50+"
"1241","Price, Maria","Albuquerque","New Mexico","minorista","50+"
"1242","Rosemont, Flossie","Albuquerque","New Mexico","minorista","50+"
"1243","McMenama, Betty","Albuquerque","New Mexico","minorista","50+"
"1244","Lyons, Max","Albuquerque","New Mexico","minorista","50+"
"1245","Sandy Kurtz, Christine","Albuquerque","New Mexico","minorista","50+"
"1246","Santry, Rita","Aspen","Colorado","minorista","50+"
"1247","Quigle, Catherine","Aspen","Colorado","minorista","50+"
"1248","Christensen, Patricia","Denver","Colorado","minorista","50+"
"1249","Mercurio, Anne","Grand Junction","Colorado","minorista","50+"
"1250","McGrath, Louis","Grand Junction","Colorado","minorista","50+"
"1251","Wright, Rachael","Denver","Colorado","minorista","50+"
"1252","Skuce, Richard","Denver","Colorado","minorista","50+"
"1253","Coleman, George","Denver","Colorado","minorista","50+"
"1254","Barnes, Lois","Denver","Colorado","minorista","50+"
"1255","Camille, Jacky","Grand Junction","Colorado","minorista","50+"
"1256","Allenbach, Michelle","Denver","Colorado","minorista","50+"
"1257","Smith, Franklin","Aspen","Colorado","minorista","50+"
"1258","Minker, John","Aspen","Colorado","minorista","50+"
"1259","Jimenez, Sarah","Aspen","Colorado","minorista","35-49"
"1260","Malaby, Darwin","Aspen","Colorado","minorista","50+"
"1261","Caldwell, Pamela","Grand Junction","Colorado","minorista","50+"
"1262","Tinder, Roger","Grand Junction","Colorado","minorista","50+"
"1263","Kropff, Joseph","Grand Junction","Colorado","minorista","50+"
"1264","Worsham, Mimi","Grand Junction","Colorado","minorista","50+"
"1265","Bernal, Ruth","Provo","Utah","minorista","50+"
"1266","Zimmerman, Yolanda","Provo","Utah","minorista","50+"
"1267","Evans, Sandra","Salt Lake City","Utah","minorista","50+"
"1268","Bowman, Virginia","Provo","Utah","minorista","50+"
"1269","Coleman, Mary","Salt Lake City","Utah","minorista","50+"
"1270","Chrisulis, Kevin","Salt Lake City","Utah","minorista","50+"
"1271","Whitcomb, Lee","Provo","Utah","minorista","50+"
"1272","Turcios, Brian","Provo","Utah","minorista","50+"
"1273","Confetti, Jennifer","Salt Lake City","Utah","minorista","50+"
"1274","Takemura, Geneva","Salt Lake City","Utah","minorista","50+"
"1275","Campbell, Lynn","Salt Lake City","Utah","minorista","50+"
"1276","Smith, Nina","Salt Lake City","Utah","minorista","50+"
"1277","Vuong, Darrell","Provo","Utah","minorista","50+"
"1278","Abbott, Eric","Salt Lake City","Utah","minorista","50+"
"1279","Liff, Doris","Salt Lake City","Utah","minorista","50+"
"1280","Steinberg, John","Salt Lake City","Utah","minorista","50+"
"1281","Megel, Jerry","Provo","Utah","minorista","50+"
"1282","Styles, John","Salt Lake City","Utah","minorista","50+"
"1283","Head, Shirley","Salt Lake City","Utah","minorista","50+"
"1284","Story, James","Salt Lake City","Utah","minorista","35-49"
"1285","Boone, Jean","Reno","Nevada","minorista","50+"
"1286","Mccoy, Ralph","Carson City","Nevada","minorista","50+"
"1287","Tuck, Anne","Carson City","Nevada","minorista","50+"
"1288","Sincich, Joy","Las Vegas","Nevada","minorista","50+"
"1289","Jameson, Bertha","Reno","Nevada","minorista","50+"
"1290","Sanchez, Charles","Reno","Nevada","minorista","50+"
"1291","Parks, Wanda","Las Vegas","Nevada","minorista","50+"
"1292","Vij, Nathan","Las Vegas","Nevada","minorista","50+"
"1293","Zugschwert, Corinne","Las Vegas","Nevada","minorista","50+"
"1294","Adams, Michelle","Las Vegas","Nevada","minorista","50+"
"1295","Steen, Donahue","Reno","Nevada","minorista","50+"
"1296","Baker, John","Reno","Nevada","minorista","50+"
"1297","Pearl, Keith","Reno","Nevada","minorista","50+"
"1298","Roundtree, Sarah","Carson City","Nevada","minorista","50+"
"1299","Bollin, Lawrence","Carson City","Nevada","minorista","50+"
"1300","Hopkins, Fred","Carson City","Nevada","minorista","50+"
"1301","Vicknair, Caroline","Las Vegas","Nevada","minorista","50+"
"1302","McPhearson, Nancy","Bend","Oregon","minorista","50+"
"1303","Albright, Anna","Bend","Oregon","minorista","50+"
"1304","Thomas, Phyllis","Bend","Oregon","minorista","50+"
"1305","Perko, Tina","Portland","Oregon","minorista","50+"
"1306","McCarty, Jane","Bend","Oregon","minorista","50+"
"1307","Bent, Scot","Portland","Oregon","minorista","50+"
"1308","Chambers, Pat","Portland","Oregon","minorista","50+"
"1309","Bellifa, Stanley","Portland","Oregon","minorista","50+"
"1310","Johnson, Samuel","Bend","Oregon","minorista","50+"
"1311","Vrins, Janice","Portland","Oregon","minorista","50+"
"1312","Mcdonald, Christinia","Bend","Oregon","minorista","50+"
"1313","Weldon, Ole","Portland","Oregon","minorista","50+"
"1314","Choin, Ruth","Bend","Oregon","minorista","50+"
"1315","Crow, Sharon","Bend","Oregon","minorista","50+"
"1316","Avalos, Robert","Bend","Oregon","minorista","50+"
"1317","Jacobsen, Eric","Portland","Oregon","minorista","50+"
"1318","Castro, Pamela","Portland","Oregon","minorista","50+"
"1319","Caldwell, Sylvia","Bend","Oregon","minorista","50+"
"1320","Reed, Russell","Portland","Oregon","minorista","50+"
"1321","Kelley, Victor","San Francisco","California","minorista","50+"
"1322","Taylor, Damon","Los Angeles","California","minorista","50+"
"1323","Robinson, Rebecca","Santa Clara","California","minorista","35-49"
"1324","Thomsen, Andrea","Bakersfield","California","minorista","50+"
"1325","Baldwin, Douglas","Bakersfield","California","minorista","50+"
"1326","Yuhasz, Ian","San Francisco","California","minorista","50+"
"1327","Carmody, Jovita","Eureka","California","minorista","50+"
"1328","Gonzales, Lynn","San Francisco","California","minorista","50+"
"1329","Allen, Phyllis","Los Angeles","California","minorista","50+"
"1330","Caprio, Johnny","Sacramento","California","minorista","50+"
"1331","Slaven, Lanna","Santa Clara","California","minorista","50+"
"1332","Ortiz, Fred","San Diego","California","minorista","50+"
"1333","Beaver, John","Sacramento","California","minorista","50+"
"1334","Rhodes, Albert","Fresno","California","minorista","50+"
"1335","Kaffer, Scott","Eureka","California","minorista","50+"
"1336","Bales, Jennifer","Bakersfield","California","minorista","50+"
"1337","Stotka, Louis","Los Angeles","California","minorista","50+"
"1338","Maynard, Sandra","Spokane","Washington","minorista","50+"
"1339","Tuell, Gracia","Redmond","Washington","minorista","50+"
"1340","Burnett, Timothy","Seattle","Washington","minorista","50+"
"1341","Haugh, James","Spokane","Washington","minorista","50+"
"1342","Moberly, Paula","Seattle","Washington","minorista","50+"
"1343","Meyer, Eric","Redmond","Washington","minorista","50+"
"1344","Orona, Gloria","Seattle","Washington","minorista","50+"
"1345","Warmack, Ruth","Spokane","Washington","minorista","50+"
"1346","Wall, Joanna","Spokane","Washington","minorista","50+"
"1347","Appelbaum, Sabria","Redmond","Washington","minorista","50+"
"1348","Kung, Jeffrey","Spokane","Washington","minorista","50+"
"1349","Wilson, Gloria","Seattle","Washington","minorista","50+"
"1350","Tuffield, Phyllis","Seattle","Washington","minorista","50+"
"1351","Ping, Patricia","Seattle","Washington","minorista","50+"
"1352","Shepard, David","Spokane","Washington","minorista","50+"
"1353","Bailey, James","Redmond","Washington","minorista","50+"
"1354","Chestnut, Susan","Redmond","Washington","minorista","50+"
"1355","Toone, Delia","Seattle","Washington","minorista","50+"
"1356","Armstrong, Thomas","Seattle","Washington","minorista","50+"
"1357","Billstrom, Mary","Seattle","Washington","minorista","50+"
"1358","Stotka, Robert","Redmond","Washington","minorista","50+"
"1359","Johnson, Danielle","Seattle","Washington","minorista","50+"
"2001","Son, Alma","Millbrook","New York","mayorista","50+"
"2002","Brandon, Cornelius","Manhattan","New York","mayorista","50+"
"2003","Quintana, Monica","Long Island","New York","mayorista","50+"
"2004","Colon, John","Millbrook","New York","mayorista","50+"
"2005","Barlow, Brenda","Poughkeepsie","New York","mayorista","50+"
"2006","Adina, Ronald","Yorktown","New York","mayorista","50+"
"2007","Bohling, Michael","Poughkeepsie","New York","mayorista","50+"
"2008","Wheeler, Sam","Buffalo","New York","mayorista","50+"
"2009","Swearengin, Abraham","Long Island","New York","mayorista","50+"
"2010","Givens, David","Buffalo","New York","mayorista","50+"
"2011","Beanston, Glenna","Manhattan","New York","mayorista","50+"
"2012","Bruno, Dirk","Ithaca","New York","mayorista","50+"
"2013","Berger, Alexander","Buffalo","New York","mayorista","50+"
"2014","Sultan, Marcia","Long Island","New York","mayorista","50+"
"2015","Svoboda, Martin","Poughkeepsie","New York","mayorista","50+"
"2016","Tullao, Mary","Manhattan","New York","mayorista","50+"
"2017","Hernandez, Irene","Millbrook","New York","mayorista","50+"
"2018","Wilkie, Jay Saxema","Sudbury","Massachusetts","mayorista","50+"
"2019","Lunt, Sean","Andover","Massachusetts","mayorista","50+"
"2020","Fulton, Paul","Boston","Massachusetts","mayorista","50+"
"2021","Dillon, Rudolph","Acton","Massachusetts","mayorista","50+"
"2022","Miller, Matthew","Cape Cod","Massachusetts","mayorista","50+"
"2023","Stern, Vassar","Acton","Massachusetts","mayorista","50+"
"2024","Suffin, Ruth","Cape Cod","Massachusetts","mayorista","50+"
"2025","Cleary, Kristine","Andover","Massachusetts","mayorista","50+"
"2026","Homax, Jaunita","Acton","Massachusetts","mayorista","50+"
"2027","Adams, Margaret","Acton","Massachusetts","mayorista","50+"
"2028","Zubaty, Carla","Cape Cod","Massachusetts","mayorista","50+"
"2029","Khan, Tammy","Acton","Massachusetts","mayorista","50+"
"2030","Brinkd, David","Sudbury","Massachusetts","mayorista","50+"
"2031","Clark, James","Sudbury","Massachusetts","mayorista","50+"
"2032","Dennis, Helen","Cape Cod","Massachusetts","mayorista","50+"
"2033","Brumfield, Eric","Acton","Massachusetts","mayorista","50+"
"2034","Sanchez, Madalena","Acton","Massachusetts","mayorista","50+"
"2035","Suess, Gary","Acton","Massachusetts","mayorista","50+"
"2036","Trach, Glenn","Andover","Massachusetts","mayorista","50+"
"2037","White, Cynthia","Sudbury","Massachusetts","mayorista","50+"
"2038","Brian, Walter","Andover","Massachusetts","mayorista","50+"
"2039","Trujillo, Christie","Andover","Massachusetts","mayorista","50+"
"2040","Alameda, Lili","Portsmouth","New Hampshire","mayorista","50+"
"2041","Fox, Dorothy","Portsmouth","New Hampshire","mayorista","50+"
"2042","Gallagher, Aldeen","Manchester","New Hampshire","mayorista","50+"
"2043","Myer, Dorothy","Manchester","New Hampshire","mayorista","50+"
"2044","Byrnes, David","Portsmouth","New Hampshire","mayorista","50+"
"2045","Ryan, Justine","Manchester","New Hampshire","mayorista","50+"
"2046","Chand, Forrest","Portsmouth","New Hampshire","mayorista","50+"
"2047","Vanderkamp, Margaret","Portsmouth","New Hampshire","mayorista","50+"
"2048","Carroll, Rosmarie","Portsmouth","New Hampshire","mayorista","50+"
"2049","Contreras, Dorothy","Manchester","New Hampshire","mayorista","50+"
"2050","Cantoni, Joseph","Manchester","New Hampshire","mayorista","50+"
"2051","Reed, Celine","Manchester","New Hampshire","mayorista","50+"
"2052","Peterson, Glin","New London","Connecticut","mayorista","50+"
"2053","Osborn, Stephen","New Canaan","Connecticut","mayorista","50+"
"2054","Graham., Lowell","Danbury","Connecticut","mayorista","50+"
"2055","Shaddy, Jamie","New Canaan","Connecticut","mayorista","50+"
"2056","Haemon, Hattie","New London","Connecticut","mayorista","50+"
"2057","Krow, Jame","Danbury","Connecticut","mayorista","50+"
"2058","Belli, Shane","New London","Connecticut","mayorista","50+"
"2059","Porter, Ethel","New London","Connecticut","mayorista","50+"
"2060","Lesko, Gloria","New London","Connecticut","mayorista","50+"
"2061","Worland, Michael","New London","Connecticut","mayorista","50+"
"2062","Torre, Alvin","Danbury","Connecticut","mayorista","50+"
"2063","Ramos, Susan","New Canaan","Connecticut","mayorista","50+"
"2064","Christie, Jill","New Canaan","Connecticut","mayorista","50+"
"2065","Zocchi, Juanita","New London","Connecticut","mayorista","50+"
"2066","Altamirano, Sandra","Danbury","Connecticut","mayorista","50+"
"2067","Benson, Edna","New London","Connecticut","mayorista","50+"
"2068","Deborde, Alexander","New Canaan","Connecticut","mayorista","50+"
"2069","Calone, Barbara","New London","Connecticut","mayorista","50+"
"2070","Pompa, Cheryl","New Canaan","Connecticut","mayorista","50+"
"2071","Traube, Doris","Tampa Bay","Florida","mayorista","50+"
"2072","Sloan, Cathy","Miami","Florida","mayorista","50+"
"2073","Villa, Homer","Miami","Florida","mayorista","50+"
"2074","Herman, Deena","Tampa Bay","Florida","mayorista","50+"
"2075","Roberts, Leota","Miami","Florida","mayorista","50+"
"2076","Mc Clane, John","Miami","Florida","mayorista","50+"
"2077","Maxham, Jennifer","Tampa Bay","Florida","mayorista","50+"
"2078","Sullivan, Elizabeth","Tampa Bay","Florida","mayorista","50+"
"2079","Watada, Irene","Miami","Florida","mayorista","50+"
"2080","Rhiger, Constance","Orlando","Florida","mayorista","50+"
"2081","Finley, Rhoda","Miami","Florida","mayorista","50+"
"2082","Winter, Kathleen","Miami","Florida","mayorista","50+"
"2083","Adams, Carla","Miami","Florida","mayorista","50+"
"2084","Tench, Vanessa","Tampa Bay","Florida","mayorista","50+"
"2085","Brink, Carol","Miami","Florida","mayorista","50+"
"2086","Reynolds, Adam","Orlando","Florida","mayorista","50+"
"2087","Posner, Constance","Orlando","Florida","mayorista","50+"
"2088","Hapke, William","Miami","Florida","mayorista","50+"
"2089","Huff, Joshua","Miami","Florida","mayorista","50+"
"2090","Brown, Carolee","Tampa Bay","Florida","mayorista","50+"
"2091","Giglio, Frances","Tampa Bay","Florida","mayorista","50+"
"2092","Sherwood, Irma","Orlando","Florida","mayorista","50+"
"2093","Becker, Benjamin","Peoria","Illinois","mayorista","50+"
"2094","Tedford, Chad","Peoria","Illinois","mayorista","50+"
"2095","Roy, Luke","Peoria","Illinois","mayorista","50+"
"2096","Holloway, Jean","Chicago","Illinois","mayorista","50+"
"2097","Trau, Olga","Chicago","Illinois","mayorista","50+"
"2098","Carnes, Steve","Chicago","Illinois","mayorista","50+"
"2099","Potts, Betty","Peoria","Illinois","mayorista","50+"
"2100","Kozlowski, Edward","Chicago","Illinois","mayorista","50+"
"2101","Looney, Sharon","Peoria","Illinois","mayorista","50+"
"2102","Magenheimer, Patrick","Chicago","Illinois","mayorista","50+"
"2103","Hofsetz, Sue","Chicago","Illinois","mayorista","50+"
"2104","Gilliat, Janet","Peoria","Illinois","mayorista","50+"
"2105","Wojcik, Charlene","Chicago","Illinois","mayorista","50+"
"2106","Wolf, Eunice","Peoria","Illinois","mayorista","50+"
"2107","Whitworth, Kelly","Chicago","Illinois","mayorista","50+"
"2108","Thames, Judy","Chicago","Illinois","mayorista","50+"
"2109","Rusek, Pearlie","Chicago","Illinois","mayorista","50+"
"2110","Justice, Peggy","Madison","Wisconsin","mayorista","50+"
"2111","Conner, William","Appleton","Wisconsin","mayorista","50+"
"2112","Bauer, Ciro","Madison","Wisconsin","mayorista","50+"
"2113","Collins, Takiko","Madison","Wisconsin","mayorista","50+"
"2114","Smith, Leonard","Appleton","Wisconsin","mayorista","50+"
"2115","Yasi, Lenore","Appleton","Wisconsin","mayorista","50+"
"2116","Bowman, Lester","Madison","Wisconsin","mayorista","50+"
"2117","Germanson, Barbara","Madison","Wisconsin","mayorista","50+"
"2118","Smith, Mary","Appleton","Wisconsin","mayorista","50+"
"2119","Serventi, Alice","Milwaukee","Wisconsin","mayorista","50+"
"2120","Chapla, Lee","Madison","Wisconsin","mayorista","50+"
"2121","Cameron, DeeDee","Madison","Wisconsin","mayorista","50+"
"2122","Zgeirmann, Jo","Appleton","Wisconsin","mayorista","50+"
"2123","Mondragon, William","Milwaukee","Wisconsin","mayorista","50+"
"2124","Allison, Cecil","Madison","Wisconsin","mayorista","50+"
"2125","Vargas, Nieves","Cleveland","Ohio","mayorista","50+"
"2126","Vlass, Helen","Toledo","Ohio","mayorista","50+"
"2127","Gonzalez, Abigail","Akron","Ohio","mayorista","50+"
"2128","Ison, Denean","Cleveland","Ohio","mayorista","50+"
"2129","Trent, Billy","Columbus","Ohio","mayorista","50+"
"2130","Vaca, Mary","Cleveland","Ohio","mayorista","50+"
"2131","Arbelaez, Kyley","Toledo","Ohio","mayorista","50+"
"2132","Lee, Michael","Cleveland","Ohio","mayorista","50+"
"2133","Maes, Walter","Toledo","Ohio","mayorista","50+"
"2134","Antrim, Ramona","Cleveland","Ohio","mayorista","50+"
"2135","Friedland, Liam","Toledo","Ohio","mayorista","50+"
"2136","Strange, Charles","Toledo","Ohio","mayorista","50+"
"2137","Richter, William","Columbus","Ohio","mayorista","35-49"
"2138","Amland, Maxwell","Akron","Ohio","mayorista","50+"
"2139","Albury, Z . T. Milton","Cleveland","Ohio","mayorista","50+"
"2140","Richmeier, Marie","St. Loius","Missouri","mayorista","50+"
"2141","Jacobson, Jodan","Kansas City","Missouri","mayorista","50+"
"2142","Bartness, David","Kansas City","Missouri","mayorista","50+"
"2143","Cobb, Teanna","Kansas City","Missouri","mayorista","50+"
"2144","Lique, M. E. Joseph","Kansas City","Missouri","mayorista","50+"
"2145","Bernacchi, Robert","St. Loius","Missouri","mayorista","50+"
"2146","Zubaty, Patricia","St. Loius","Missouri","mayorista","50+"
"2147","Hunter, Matthew","St. Loius","Missouri","mayorista","50+"
"2148","Vonholt, Florence","Kansas City","Missouri","mayorista","50+"
"2149","Holmes, Eddie","Kansas City","Missouri","mayorista","50+"
"2150","Drury, Gerald","St. Loius","Missouri","mayorista","50+"
"2151","Watts, Kristin","Kansas City","Missouri","mayorista","50+"
"2152","Short, Carlos","Kansas City","Missouri","mayorista","50+"
"2153","Mc Guigan, Robin","Des Moines","Iowa","mayorista","50+"
"2154","Wollesen, Dorothy","Des Moines","Iowa","mayorista","50+"
"2155","Lee, Marjorie","Des Moines","Iowa","mayorista","50+"
"2156","Gimmi, Mary","Dubuque","Iowa","mayorista","50+"
"2157","Pugh, Milton","Des Moines","Iowa","mayorista","50+"
"2158","Bennetts, John","Dubuque","Iowa","mayorista","50+"
"2159","Woodard, Caroline","Des Moines","Iowa","mayorista","50+"
"2160","Manzanares, Tomas","Dubuque","Iowa","mayorista","50+"
"2161","Stotler, Kayla","Dubuque","Iowa","mayorista","50+"
"2162","Peoples, Elizabeth","Dubuque","Iowa","mayorista","50+"
"2163","Choi, Mike","Dubuque","Iowa","mayorista","50+"
"2164","Quintana, Mary Lou","Des Moines","Iowa","mayorista","50+"
"2165","Bright, Christopher","Des Moines","Iowa","mayorista","50+"
"2166","Rodgers, Scott","Des Moines","Iowa","mayorista","50+"
"2167","Gates, Janet","Dubuque","Iowa","mayorista","50+"
"2168","Watkins, Darren","Des Moines","Iowa","mayorista","50+"
"2169","Christensen, Charles","Dubuque","Iowa","mayorista","50+"
"2170","Banks, Darrell","Des Moines","Iowa","mayorista","50+"
"2171","Carlisle, Carlton","Des Moines","Iowa","mayorista","50+"
"2172","Tramel, Abe","Dubuque","Iowa","mayorista","50+"
"2173","Curry, Jose","Des Moines","Iowa","mayorista","50+"
"2174","Haines, Betty","Tulsa","Oklahoma","mayorista","35-49"
"2175","Campbell, Deborah","Tulsa","Oklahoma","mayorista","50+"
"2176","Whitney, Catherine","Tulsa","Oklahoma","mayorista","50+"
"2177","Mitchell, Neva","Oklahoma City","Oklahoma","mayorista","50+"
"2178","Dodd, Cindy","Oklahoma City","Oklahoma","mayorista","50+"
"2179","Cereghino, Stacey","Oklahoma City","Oklahoma","mayorista","50+"
"2180","Meyer, Helen","Tulsa","Oklahoma","mayorista","50+"
"2181","Stevens, Olga","Tulsa","Oklahoma","mayorista","50+"
"2182","Campbell, Joan","Tulsa","Oklahoma","mayorista","50+"
"2183","Walker, Silvia","Oklahoma City","Oklahoma","mayorista","50+"
"2184","Pasumansky, Mosha","Tulsa","Oklahoma","mayorista","50+"
"2185","Whitney, Shawn","Oklahoma City","Oklahoma","mayorista","50+"
"2186","Saunders, Lloyd","Tulsa","Oklahoma","mayorista","50+"
"2187","Vandenouer, Rose","Tulsa","Oklahoma","mayorista","50+"
"2188","Vincenzi, Eric","Oklahoma City","Oklahoma","mayorista","50+"
"2189","Herring, Cheryl","Oklahoma City","Oklahoma","mayorista","50+"
"2190","Garza, Kathleen","Tulsa","Oklahoma","mayorista","50+"
"2191","Westover, Gail","Tulsa","Oklahoma","mayorista","50+"
"2192","Hagemann, Matthew","Shreveport","Louisiana","mayorista","50+"
"2193","Vasquez, Patricia","Shreveport","Louisiana","mayorista","50+"
"2194","McCarthy, Lola","Shreveport","Louisiana","mayorista","50+"
"2195","Bacalzo, Phillip","New Orleans","Louisiana","mayorista","35-49"
"2196","Berch, Marian","New Orleans","Louisiana","mayorista","50+"
"2197","Taylor, Mike","Shreveport","Louisiana","mayorista","50+"
"2198","Whipple, Vivian","New Orleans","Louisiana","mayorista","50+"
"2199","Laursen, Cecilia","New Orleans","Louisiana","mayorista","50+"
"2200","Olguin, Lee","New Orleans","Louisiana","mayorista","50+"
"2201","Ayers, Stephen","New Orleans","Louisiana","mayorista","50+"
"2202","Kotc, Pamala","New Orleans","Louisiana","mayorista","50+"
"2203","Coriell, Marlin","Shreveport","Louisiana","mayorista","50+"
"2204","Warthen, Clay","New Orleans","Louisiana","mayorista","50+"
"2205","Johnson, Greg","Shreveport","Louisiana","mayorista","50+"
"2206","Huckaby, George","Sweetwater","Texas","mayorista","50+"
"2207","Gustafson, Faith","Dallas","Texas","mayorista","50+"
"2208","Thompson, Donald","Amarillo","Texas","mayorista","50+"
"2209","Hendricks, Valentina","Amarillo","Texas","mayorista","50+"
"2210","Black, Mae","Sweetwater","Texas","mayorista","50+"
"2211","Vansant, Carlos","Amarillo","Texas","mayorista","50+"
"2212","Bentley, Richard","San Antonio","Texas","mayorista","50+"
"2213","Ritacco, Thomas","Houston","Texas","mayorista","50+"
"2214","Theisen, Karen","Dallas","Texas","mayorista","50+"
"2215","Berger, John","Dallas","Texas","mayorista","50+"
"2216","Koski, Joy","Houston","Texas","mayorista","50+"
"2217","Fitzgerald, Duane","Houston","Texas","mayorista","50+"
"2218","Camacho, Lindsey","Albuquerque","New Mexico","mayorista","50+"
"2219","Alvarado, Selena","Albuquerque","New Mexico","mayorista","50+"
"2220","Brummer, Dick","Albuquerque","New Mexico","mayorista","50+"
"2221","Pinkston, Pat","Albuquerque","New Mexico","mayorista","50+"
"2222","Spivey, Kristin","Albuquerque","New Mexico","mayorista","50+"
"2223","Whiting, Gregory","Albuquerque","New Mexico","mayorista","50+"
"2224","Espinoza, Martha","Albuquerque","New Mexico","mayorista","50+"
"2225","Robinett, David","Albuquerque","New Mexico","mayorista","50+"
"2226","Lundahl, Judy","Albuquerque","New Mexico","mayorista","50+"
"2227","Demicell, Shawn","Albuquerque","New Mexico","mayorista","50+"
"2228","Rousey, Linda","Albuquerque","New Mexico","mayorista","50+"
"2229","Marcovecchio, Kathy","Albuquerque","New Mexico","mayorista","50+"
"2230","Evans, Twanna","Albuquerque","New Mexico","mayorista","50+"
"2231","Storjohann, Judy","Albuquerque","New Mexico","mayorista","50+"
"2232","Maccietto, Denise","Grand Junction","Colorado","mayorista","50+"
"2233","Buskirk, Deanna","Grand Junction","Colorado","mayorista","50+"
"2234","Kesslep, Mary","Grand Junction","Colorado","mayorista","50+"
"2235","Schultz, Barbara","Aspen","Colorado","mayorista","50+"
"2236","Bergin, Kris","Grand Junction","Colorado","mayorista","50+"
"2237","Steel, Merrill","Denver","Colorado","mayorista","50+"
"2238","Marple, Melissa","Aspen","Colorado","mayorista","50+"
"2239","Evans, Ann","Denver","Colorado","mayorista","50+"
"2240","Bruner, Shirley","Denver","Colorado","mayorista","50+"
"2241","Troyer, Michael John","Grand Junction","Colorado","mayorista","50+"
"2242","Sandidge, Mary","Grand Junction","Colorado","mayorista","50+"
"2243","Skonnard, Monk","Grand Junction","Colorado","mayorista","50+"
"2244","Beck, Christopher","Salt Lake City","Utah","mayorista","50+"
"2245","Abel, Catherine","Provo","Utah","mayorista","50+"
"2246","Miller, Emilo","Salt Lake City","Utah","mayorista","50+"
"2247","Walker, Hazel","Salt Lake City","Utah","mayorista","50+"
"2248","Brooks, John","Salt Lake City","Utah","mayorista","50+"
"2249","Logan, Todd","Provo","Utah","mayorista","50+"
"2250","Several, Joshua","Salt Lake City","Utah","mayorista","50+"
"2251","Thomas, James","Salt Lake City","Utah","mayorista","50+"
"2252","Vessa, Robert","Provo","Utah","mayorista","50+"
"2253","Tran, James","Provo","Utah","mayorista","50+"
"2254","Crow, Shelley","Provo","Utah","mayorista","50+"
"2255","Sims, Anne","Salt Lake City","Utah","mayorista","50+"
"2256","Tatman, Clarence","Salt Lake City","Utah","mayorista","50+"
"2257","Nelsen, Jan","Salt Lake City","Utah","mayorista","50+"
"2258","Cole, Jeanette","Provo","Utah","mayorista","50+"
"2259","Huntsman, Phyllis","Salt Lake City","Utah","mayorista","50+"
"2260","Arakawa, Hannah","Salt Lake City","Utah","mayorista","50+"
"2261","Steuber, Wathalee","Salt Lake City","Utah","mayorista","50+"
"2262","Cox, Pamela","Carson City","Nevada","mayorista","50+"
"2263","Jacobs, Bronson","Reno","Nevada","mayorista","50+"
"2264","Barley, Rebecca","Carson City","Nevada","mayorista","50+"
"2265","Alvaro, Emilio","Reno","Nevada","mayorista","50+"
"2266","Waters, Becky","Reno","Nevada","mayorista","50+"
"2267","Jarvis, A. Joyce","Carson City","Nevada","mayorista","50+"
"2268","Styles, Ruby Sue","Carson City","Nevada","mayorista","50+"
"2269","Glenn, Jeanie","Reno","Nevada","mayorista","50+"
"2270","Smith, Peggy","Las Vegas","Nevada","mayorista","50+"
"2271","Duff, Tish","Las Vegas","Nevada","mayorista","50+"
"2272","Lucero, Anita","Reno","Nevada","mayorista","50+"
"2273","Burton, Stephen","Las Vegas","Nevada","mayorista","50+"
"2274","Consentino, Amy","Carson City","Nevada","mayorista","50+"
"2275","Lutes, Helen","Las Vegas","Nevada","mayorista","50+"
"2276","Ecoffey, Linda","Carson City","Nevada","mayorista","50+"
"2277","Swint, Katherine","Carson City","Nevada","mayorista","50+"
"2278","Slattengren, Dianne","Las Vegas","Nevada","mayorista","50+"
"2279","Heymsfield, Ronald","Carson City","Nevada","mayorista","35-49"
"2280","Whitehead, Steven","Reno","Nevada","mayorista","50+"
"2281","Roy, Lisa","Las Vegas","Nevada","mayorista","50+"
"2282","Burkhardt, Ingrid","Carson City","Nevada","mayorista","50+"
"2283","Whitney, Todd","Bend","Oregon","mayorista","50+"
"2284","Wisnewski, Barbara","Bend","Oregon","mayorista","50+"
"2285","Burkhardt, Karren","Bend","Oregon","mayorista","50+"
"2286","Mcanich, Stacie","Bend","Oregon","mayorista","50+"
"2287","Browning, Mary","Portland","Oregon","mayorista","50+"
"2288","Wellington, Alexandra","Portland","Oregon","mayorista","50+"
"2289","Bacugalupi, Cory","Portland","Oregon","mayorista","50+"
"2290","Rizzi, Stacy","Bend","Oregon","mayorista","50+"
"2291","Sotelo, William","Portland","Oregon","mayorista","50+"
"2292","Stanley, Beth","Bend","Oregon","mayorista","50+"
"2293","Markwood, Jill","Portland","Oregon","mayorista","50+"
"2294","Valentine, Mildred","Portland","Oregon","mayorista","50+"
"2295","Reams, Suzann","Portland","Oregon","mayorista","50+"
"2296","Long, John","Portland","Oregon","mayorista","50+"
"2297","Olenzek, Edwin","Portland","Oregon","mayorista","50+"
"2298","Valerio, Jessie","Santa Clara","California","mayorista","50+"
"2299","Ahlering, Robert","Los Angeles","California","mayorista","50+"
"2300","Burke, Megan","Santa Clara","California","mayorista","50+"
"2301","Bates, Karel","Fresno","California","mayorista","50+"
"2302","White, Mike","San Francisco","California","mayorista","50+"
"2303","Simpson, Marty","Los Angeles","California","mayorista","50+"
"2304","Jones, Robert","Santa Clara","California","mayorista","50+"
"2305","Casts, Raul","San Francisco","California","mayorista","50+"
"2306","Browqett, Bridget","Fresno","California","mayorista","50+"
"2307","Kartz, Kay","Eureka","California","mayorista","50+"
"2308","Wold, Audrey","Eureka","California","mayorista","50+"
"2309","French, Susan","Santa Clara","California","mayorista","50+"
"2310","Pederson, Trish","Fresno","California","mayorista","50+"
"2311","Renn, Eric","Bakersfield","California","mayorista","50+"
"2312","Catalano, Elizabeth","San Diego","California","mayorista","50+"
"2313","Coleman, Eric","Sacramento","California","mayorista","50+"
"2314","Hurkett, Lawrence","Redmond","Washington","mayorista","50+"
"2315","Pettengill, Sara","Seattle","Washington","mayorista","50+"
"2316","Elson, Jauna","Spokane","Washington","mayorista","50+"
"2317","Hirota, Nancy","Seattle","Washington","mayorista","50+"
"2318","Blasingame, Linda","Seattle","Washington","mayorista","50+"
"2319","Blackwell, Jackie","Spokane","Washington","mayorista","50+"
"2320","Moya, Marie","Spokane","Washington","mayorista","50+"
"2321","Chesnut, Nicky","Spokane","Washington","mayorista","50+"
"2322","Ortiz, John","Redmond","Washington","mayorista","50+"
"2323","Tearpak, Stacey","Seattle","Washington","mayorista","50+"
"2324","Hall, Karen","Spokane","Washington","mayorista","50+"
"2325","Narberes, Greg","Spokane","Washington","mayorista","50+"
"2326","Weber, Fannye","Redmond","Washington","mayorista","50+"
"2327","Kabbes, Diane","Seattle","Washington","mayorista","50+"
