"cod_empleado","nombre","categoria","sexo","estado","antiguedad","rango_etario"
1,"Nowmer, Sheri","President","F","Activo",25,"35-49"
2,"Whelply, Derrick","VP Country Manager","M","Activo",24,"50+"
3,"Spence, Michael","VP Country Manager","M","Activo",24,"50+"
4,"Gutierrez, Maya","VP Country Manager","F","Activo",24,"50+"
5,"Damstra, Roberta","VP Information Systems","F","Activo",24,"35-49"
6,"Kanagaki, Rebecca","VP Human Resources","F","Activo",22,"35-49"
7,"Brunner, Kim","Store Manager","F","Inactivo",19,"35-49"
8,"Blumberg, Brenda","Store Manager","F","Inactivo",18,"35-49"
9,"Stanz, Darren","VP Finance","M","Activo",21,"35-49"
10,"Murraiin, Jonathan","Store Manager","M","Inactivo",12,"35-49"
11,"Creek, Jewel","Store Manager","F","Inactivo",12,"35-49"
12,"Medina, Peggy","Store Manager","F","Inactivo",13,"35-49"
13,"Rutledge, Bryan","Store Manager","M","Inactivo",18,"35-49"
14,"Cavestany, Walter","Store Manager","M","Inactivo",12,"50+"
15,"Planck, Peggy","Store Manager","F","Inactivo",19,"35-49"
16,"Marshall, Brenda","Store Manager","F","Inactivo",16,"35-49"
17,"Wolter, Daniel","Store Manager","M","Inactivo",14,"35-49"
18,"Collins, Dianne","Store Manager","F","Inactivo",12,"35-49"
19,"Baker, Beverly","VP Country Manager","F","Activo",24,"50+"
20,"Castillo, Pedro","VP Country Manager","M","Activo",25,"35-49"
21,"Borges, Laurie","VP Country Manager","F","Activo",24,"35-49"
22,"Wyro, Shauna","Store Manager","F","Inactivo",17,"35-49"
23,"Wyllie, Jacqueline","Store Manager","F","Inactivo",16,"35-49"
24,"Conley, Lin","Store Manager","F","Inactivo",20,"50+"
25,"Bernard, Jose","Store Manager","M","Inactivo",14,"35-49"
26,"Macaluso, Charles","Store Manager","M","Inactivo",13,"35-49"
27,"Wood, Lois","Store Manager","F","Inactivo",16,"35-49"
28,"Armstrong, Kevin","Store Manager","M","Inactivo",15,"35-49"
29,"Goldey, Cody","Store Manager","M","Inactivo",10,"35-49"
30,"Nickell, Paula","Store Manager","F","Inactivo",15,"50+"
31,"Long, Eric","Store Manager","M","Inactivo",15,"35-49"
32,"Solimena, Mary","Store Manager","F","Inactivo",12,"35-49"
33,"Muenich, Nathan","Store Manager","M","Inactivo",20,"35-49"
34,"Young, Ed","Store Manager","M","Inactivo",16,"35-49"
35,"Arnold, Donna","HQ Marketing","F","Inactivo",17,"50+"
36,"Cooper, Jennifer","HQ Information Systems","F","Inactivo",15,"35-49"
37,"Petty, Peggy","HQ Information Systems","F","Inactivo",13,"35-49"
38,"Olguin, Jessica","HQ Information Systems","F","Inactivo",16,"35-49"
39,"Burchett, Phyllis","HQ Information Systems","F","Inactivo",15,"35-49"
40,"Bechard, Howard","HQ Marketing","M","Inactivo",18,"35-49"
41,"Carter, Doris","HQ Marketing","F","Inactivo",10,"35-49"
42,"Sharp, Juanita","HQ Human Resources","F","Inactivo",16,"35-49"
43,"Brunner, Sandra","HQ Human Resources","F","Inactivo",14,"35-49"
44,"Staton, Ernest","HQ Finance and Accounting","M","Inactivo",13,"35-49"
45,"Sims, Rose","HQ Finance and Accounting","F","Inactivo",13,"35-49"
46,"De Carlo, Lauretta","HQ Finance and Accounting","F","Inactivo",19,"35-49"
47,"Williams, Mary","HQ Finance and Accounting","F","Inactivo",16,"35-49"
48,"Burke, Terri","HQ Finance and Accounting","F","Inactivo",13,"50+"
49,"Osborn, Audrey","HQ Finance and Accounting","F","Inactivo",17,"35-49"
50,"Binai, Brian","HQ Finance and Accounting","M","Inactivo",12,"35-49"
51,"Lozada, Concepcion","HQ Finance and Accounting","F","Inactivo",18,"35-49"
52,"Tays, Paul","Store Assistant Manager","M","Inactivo",18,"35-49"
53,"Thorton, Cheryl","Store Shift Supervisor","F","Inactivo",16,"50+"
54,"Dumin, Gary","Store Shift Supervisor","M","Inactivo",18,"50+"
55,"Chin, Pat","Store Shift Supervisor","F","Inactivo",15,"35-49"
56,"Lovell, Zach","Store Permanent Butcher","M","Activo",23,"35-49"
57,"Ratcliff, Dave","Store Permanent Butcher","M","Inactivo",16,"35-49"
58,"Moss, Elizabeth","Store Information Systems","F","Inactivo",17,"35-49"
59,"Anderson, Lori","Sales Executive","F","Activo",24,"35-49"
60,"Everson, Michael","Sales Executive","M","Activo",24,"35-49"
61,"Borden, Mary","Sales Executive","F","Activo",25,"35-49"
62,"Willson, Sue","Sales Executive","F","Activo",22,"50+"
63,"Harris, Clayton","Sales Executive","M","Activo",25,"35-49"
64,"Contreras, Whitney","Sales Executive","F","Activo",22,"35-49"
65,"Pusedu, Boyd","Sales Executive","M","Activo",22,"35-49"
66,"Stedman, Cian","Sales Executive","F","Activo",23,"35-49"
67,"Zocchi, Michele","Sales Executive","F","Activo",24,"50+"
68,"Walsh, Jean","Sales Executive","F","Activo",23,"50+"
69,"Renfro, Leopoldo","Store Temporary Checker","M","Inactivo",15,"50+"
70,"Brockett, Donna","Store Temporary Checker","F","Inactivo",17,"35-49"
71,"Anderson, Laurie","Store Temporary Checker","F","Inactivo",17,"35-49"
72,"Gomez, Louis","Store Temporary Checker","M","Inactivo",14,"35-49"
73,"Walker, Julie","Store Temporary Checker","F","Inactivo",15,"50+"
74,"Jones, Jay","Store Temporary Checker","M","Inactivo",10,"35-49"
75,"Winfrey, Gayle","Store Temporary Checker","F","Inactivo",14,"50+"
76,"Brown, Yasmina","Store Temporary Checker","F","Inactivo",11,"35-49"
77,"Touchstone, Joseph","Store Temporary Checker","M","Inactivo",18,"35-49"
78,"Bakhtyari, Mary","Store Temporary Checker","F","Inactivo",14,"35-49"
79,"Glass, Melvin","Store Permanent Stocker","M","Inactivo",17,"35-49"
80,"Cohen, Kristin","Store Permanent Stocker","F","Inactivo",18,"35-49"
81,"Kharman, Susan","Store Permanent Stocker","F","Inactivo",19,"35-49"
82,"Kirschner, Gordon","Store Permanent Stocker","M","Inactivo",14,"35-49"
83,"Burger, William","Store Permanent Stocker","M","Inactivo",16,"50+"
84,"Blau, Lana","Store Permanent Stocker","F","Inactivo",15,"35-49"
85,"Derby, Donna","Store Permanent Stocker","F","Inactivo",16,"50+"
86,"Thomson, Kathleen","Store Permanent Stocker","F","Inactivo",18,"35-49"
87,"Walton, Gabriel","Store Permanent Stocker","F","Inactivo",17,"35-49"
88,"Meastas, Bishop","Store Permanent Stocker","M","Inactivo",15,"50+"
89,"Kouba, Geneva","Store Temporary Stocker","F","Inactivo",15,"35-49"
90,"Clark, Tricia","Store Temporary Stocker","F","Inactivo",16,"35-49"
91,"Munn, Debi","Store Temporary Stocker","F","Inactivo",17,"35-49"
92,"Goldberg, Patricia","Store Temporary Stocker","F","Inactivo",18,"50+"
93,"Magenheim, Susan","Store Temporary Stocker","F","Inactivo",12,"50+"
94,"Hance, Nancy","Store Temporary Stocker","F","Inactivo",12,"35-49"
95,"Mehlert, Rhonda","Store Temporary Stocker","F","Inactivo",16,"35-49"
96,"Duran, Paula","Store Temporary Stocker","F","Inactivo",16,"35-49"
97,"Earley, Margaret","Store Temporary Stocker","F","Inactivo",14,"50+"
98,"Horne, Elizabeth","Store Temporary Stocker","F","Inactivo",14,"35-49"
99,"Hunt, Mary","Store Assistant Manager","F","Inactivo",19,"35-49"
100,"Allen, Libby","Store Shift Supervisor","F","Inactivo",18,"35-49"
101,"Bruno, Bonnie","Store Shift Supervisor","F","Activo",23,"35-49"
102,"Bowers, Angela","Store Shift Supervisor","F","Inactivo",16,"50+"
103,"Gonzales, Donald","Store Permanent Butcher","M","Inactivo",19,"35-49"
104,"Valdez, Sylvester","Store Permanent Butcher","M","Inactivo",18,"50+"
105,"Stewart, John","Store Information Systems","M","Inactivo",14,"50+"
106,"Velasquez, Barney","Sales Executive","M","Activo",24,"35-49"
107,"Dubois, Kenneth","Sales Executive","M","Activo",23,"50+"
108,"Maestas, Kate","Sales Executive","F","Activo",22,"50+"
109,"Underwood, Josie","Sales Executive","F","Activo",22,"35-49"
110,"Strain, Ramon","Sales Executive","M","Activo",23,"50+"
111,"Azari, Pat","Sales Executive","F","Activo",24,"35-49"
112,"Dabit, Bob","Sales Executive","M","Activo",24,"50+"
113,"Carmona, Marty","Sales Executive","M","Activo",23,"35-49"
114,"Saxton, Gina","Sales Executive","F","Activo",22,"35-49"
115,"McLaughlin, Juan","Sales Executive","M","Activo",24,"50+"
116,"Eyster, Carol","Sales Executive","F","Activo",23,"50+"
117,"Henry, Nancy","Sales Executive","F","Activo",22,"35-49"
118,"Barros, Chris","Store Temporary Checker","F","Activo",24,"50+"
119,"Groome, Christopher","Store Temporary Checker","M","Inactivo",10,"35-49"
120,"Hill, Anna","Store Temporary Checker","F","Inactivo",15,"35-49"
121,"Williams, Ramon","Store Temporary Checker","M","Inactivo",13,"35-49"
122,"Masters, Scott","Store Temporary Checker","M","Inactivo",16,"35-49"
123,"Brady, Jr., Joseph","Store Temporary Checker","M","Inactivo",15,"35-49"
124,"Gray, Ellen","Store Temporary Checker","F","Inactivo",18,"35-49"
125,"Fielder, Henry","Store Temporary Checker","M","Inactivo",13,"35-49"
126,"Finnell, Jeanine","Store Temporary Checker","F","Inactivo",19,"35-49"
127,"Schuetz, Ian","Store Temporary Checker","M","Inactivo",14,"35-49"
128,"Runyon, Richard","Store Temporary Checker","M","Inactivo",16,"35-49"
129,"Potter, Linda","Store Temporary Checker","F","Inactivo",13,"35-49"
130,"Smith, Mary","Store Temporary Checker","F","Inactivo",13,"50+"
131,"Brumagen, Barbara","Store Temporary Checker","F","Inactivo",17,"50+"
132,"Hamilton, Thelma","Store Temporary Checker","F","Inactivo",15,"35-49"
133,"Wilbert, Shirley","Store Permanent Stocker","F","Inactivo",16,"35-49"
134,"Ingram, Jeremy","Store Permanent Stocker","M","Inactivo",13,"35-49"
135,"Haddix, Sharon","Store Permanent Stocker","F","Inactivo",17,"35-49"
136,"Thomas, Leland","Store Permanent Stocker","M","Inactivo",14,"50+"
137,"Wilson, Don","Store Permanent Stocker","M","Inactivo",17,"35-49"
138,"Stovall, Wayne","Store Permanent Stocker","M","Inactivo",18,"35-49"
139,"Russell, Douglas","Store Permanent Stocker","M","Inactivo",14,"35-49"
140,"Doose, Maureen","Store Permanent Stocker","F","Inactivo",16,"35-49"
141,"Morreale, Ann","Store Permanent Stocker","F","Inactivo",17,"35-49"
142,"Rupert, Sheila","Store Permanent Stocker","F","Inactivo",17,"35-49"
143,"Pierson, Ashley","Store Permanent Stocker","F","Inactivo",15,"50+"
144,"Nickels, Ivan","Store Permanent Stocker","M","Inactivo",13,"35-49"
145,"Neuhauser, Chad","Store Temporary Stocker","M","Inactivo",15,"35-49"
146,"Coke, Ann","Store Temporary Stocker","F","Inactivo",13,"35-49"
147,"Scarbrough, Jon","Store Temporary Stocker","M","Inactivo",13,"35-49"
148,"Martensen, Lillian","Store Temporary Stocker","F","Inactivo",12,"35-49"
149,"McCormick, Mary","Store Temporary Stocker","F","Inactivo",17,"35-49"
150,"Sparacino, James","Store Temporary Stocker","M","Inactivo",12,"35-49"
151,"Racette, John","Store Temporary Stocker","M","Activo",24,"50+"
152,"Thompson, Edwardo","Store Temporary Stocker","M","Inactivo",17,"35-49"
153,"Warren, Sam","Store Temporary Stocker","M","Inactivo",18,"35-49"
154,"Chow-Wang, Shelby","Store Temporary Stocker","M","Inactivo",13,"35-49"
155,"Wood, Nelly","Store Temporary Stocker","F","Inactivo",17,"35-49"
156,"Morgan, Jackie","Store Temporary Stocker","F","Inactivo",13,"50+"
157,"Boje, Gavin","Store Temporary Stocker","M","Inactivo",14,"35-49"
158,"Tsujimoto, Marlene","Store Temporary Stocker","F","Inactivo",13,"35-49"
159,"Bouton, RitaIva","Store Temporary Stocker","F","Inactivo",12,"50+"
160,"Gras, Dell","Store Assistant Manager","F","Inactivo",18,"35-49"
161,"Solano, Christopher","Store Shift Supervisor","M","Inactivo",13,"50+"
162,"Armstrong, George","Store Shift Supervisor","M","Inactivo",17,"35-49"
163,"Aldred, Kristine","Store Shift Supervisor","F","Inactivo",17,"50+"
164,"Jorgenson, Tom","Store Permanent Butcher","M","Inactivo",15,"50+"
165,"Turner, Dana","Store Permanent Butcher","F","Inactivo",12,"35-49"
166,"Zakerski, Terry","Store Information Systems","M","Inactivo",16,"35-49"
167,"Carlson, David","Sales Executive","F","Activo",23,"35-49"
168,"Symons, Linda","Sales Executive","F","Activo",25,"50+"
169,"Reynolds, Louis","Sales Executive","M","Activo",24,"35-49"
170,"Ibsen, Maureen","Sales Executive","M","Activo",25,"35-49"
171,"Ciochon, Virginia","Sales Executive","F","Activo",24,"35-49"
172,"Berger, Steve","Sales Executive","F","Activo",22,"50+"
173,"Bayol, James","Sales Executive","F","Activo",24,"35-49"
174,"Thumann, Meredith","Sales Executive","F","Activo",23,"35-49"
175,"Jones, Julie","Sales Executive","M","Activo",23,"35-49"
176,"Bury, Janet","Sales Executive","M","Activo",23,"35-49"
177,"Bevan, Onita","Sales Executive","M","Activo",24,"35-49"
178,"Monarco, Mary","Sales Executive","M","Activo",23,"35-49"
179,"Zingarelli, Vicky","Store Temporary Checker","F","Inactivo",11,"35-49"
180,"Valentine, Helen","Store Temporary Checker","F","Inactivo",13,"35-49"
181,"Scheulen, Carol","Store Temporary Checker","F","Inactivo",15,"50+"
182,"Koon, Virgie","Store Temporary Checker","M","Inactivo",18,"35-49"
183,"Amole, Sarah","Store Temporary Checker","F","Inactivo",18,"35-49"
184,"Hill, Cecil","Store Temporary Checker","M","Inactivo",18,"35-49"
185,"Tate, Ruth","Store Temporary Checker","F","Inactivo",17,"35-49"
186,"Schnurr, Larry","Store Temporary Checker","M","Inactivo",11,"35-49"
187,"Sutton, Jerry","Store Temporary Checker","F","Inactivo",18,"35-49"
188,"Mlincek, Kevin","Store Temporary Checker","M","Inactivo",17,"35-49"
189,"Tucker, Edward","Store Temporary Checker","F","Inactivo",19,"35-49"
190,"Forham, Kenton","Store Temporary Checker","F","Inactivo",15,"35-49"
191,"Malik, Brittany","Store Temporary Checker","F","Inactivo",18,"35-49"
192,"Eldridge, Jeannette","Store Temporary Checker","M","Inactivo",17,"35-49"
193,"Anderson, Terry","Store Temporary Checker","F","Inactivo",16,"35-49"
194,"Sosa, Loni","Store Permanent Stocker","F","Inactivo",15,"35-49"
195,"Mann, Marie","Store Permanent Stocker","M","Inactivo",12,"35-49"
196,"Prater, Michael","Store Permanent Stocker","F","Inactivo",17,"35-49"
197,"Ansaldo, Karen","Store Permanent Stocker","F","Inactivo",20,"35-49"
198,"Caijem, Lance","Store Permanent Stocker","M","Inactivo",13,"35-49"
199,"Yates, Pamela","Store Permanent Stocker","F","Inactivo",15,"50+"
200,"Turner, Iwona","Store Permanent Stocker","F","Inactivo",15,"35-49"
201,"Fulcher, Mary","Store Permanent Stocker","F","Inactivo",11,"35-49"
202,"Berg, Raymond","Store Permanent Stocker","M","Inactivo",15,"35-49"
203,"Lopez, Ramona","Store Permanent Stocker","M","Inactivo",17,"35-49"
204,"Valdivia, Helen","Store Permanent Stocker","M","Inactivo",17,"35-49"
205,"Cardoza, Beverly","Store Permanent Stocker","F","Inactivo",17,"50+"
206,"Hall, Mary","Store Temporary Stocker","M","Inactivo",15,"50+"
207,"Minarick, Rachel","Store Temporary Stocker","F","Inactivo",12,"35-49"
208,"Los Olmos, Dorine","Store Temporary Stocker","M","Inactivo",19,"50+"
209,"Garner, Dave","Store Temporary Stocker","F","Inactivo",17,"35-49"
210,"Leong, Lois","Store Temporary Stocker","M","Inactivo",17,"35-49"
211,"Tate, Larasa","Store Temporary Stocker","M","Inactivo",17,"50+"
212,"Watson, David","Store Temporary Stocker","F","Inactivo",11,"35-49"
213,"Frank, James","Store Temporary Stocker","M","Inactivo",13,"35-49"
214,"Wood, Alfredo","Store Temporary Stocker","M","Inactivo",14,"35-49"
215,"Baird, Dorothy","Store Temporary Stocker","F","Inactivo",13,"50+"
216,"Jans, George","Store Temporary Stocker","M","Inactivo",14,"35-49"
217,"Garrison, Bernadine","Store Temporary Stocker","M","Inactivo",13,"35-49"
218,"Zeller, Sam","Store Temporary Stocker","M","Inactivo",18,"35-49"
219,"Ace, Dorothy","Store Temporary Stocker","F","Inactivo",19,"35-49"
220,"Trujillo, Adria","Store Temporary Stocker","F","Inactivo",18,"35-49"
221,"McCown, Bunny","Store Assistant Manager","F","Inactivo",11,"50+"
222,"Miller, Nancy","Sales Executive","F","Activo",25,"35-49"
223,"Hollar, Wanda","Store Temporary Checker","F","Inactivo",15,"35-49"
224,"Wallin, Barbara","Store Assistant Manager","M","Inactivo",14,"35-49"
225,"Bruha, Michael","Store Shift Supervisor","F","Inactivo",15,"35-49"
226,"Suggs, Michael","Store Shift Supervisor","F","Inactivo",13,"50+"
227,"Turner, Kenneth","Store Shift Supervisor","F","Inactivo",15,"35-49"
228,"Griffin, Lois","Store Permanent Butcher","F","Inactivo",19,"35-49"
229,"Guardamondo, Robert","Store Permanent Butcher","M","Inactivo",13,"35-49"
230,"West, Bryan","Store Information Systems","F","Inactivo",17,"35-49"
231,"Welsh, Vicki","Sales Executive","F","Activo",23,"50+"
232,"McCollum, Harvey","Sales Executive","M","Activo",24,"35-49"
233,"Cramer, Mary","Sales Executive","M","Activo",22,"35-49"
234,"Fike, Linda","Sales Executive","M","Activo",23,"35-49"
235,"Adair, Sam","Sales Executive","M","Activo",25,"35-49"
236,"Kolosso, Jerry","Sales Executive","M","Activo",25,"35-49"
237,"Carpenter, Todd","Sales Executive","F","Activo",22,"50+"
238,"Watkins, Lisa","Sales Executive","M","Activo",22,"35-49"
239,"Barrera, Kevin","Sales Executive","M","Activo",21,"50+"
240,"Price, Maria","Sales Executive","M","Activo",24,"35-49"
241,"Rosemont, Flossie","Sales Executive","M","Activo",23,"35-49"
242,"McMenama, Betty","Sales Executive","M","Activo",22,"50+"
243,"Lyons, Max","Store Temporary Checker","F","Inactivo",15,"35-49"
244,"Sandy Kurtz, Christine","Store Temporary Checker","M","Inactivo",16,"35-49"
245,"Santry, Rita","Store Temporary Checker","M","Inactivo",17,"35-49"
246,"Quigle, Catherine","Store Temporary Checker","F","Inactivo",14,"35-49"
247,"Christensen, Patricia","Store Temporary Checker","M","Inactivo",19,"35-49"
248,"Mercurio, Anne","Store Temporary Checker","F","Inactivo",15,"50+"
249,"McGrath, Louis","Store Temporary Checker","M","Inactivo",20,"35-49"
250,"Wright, Rachael","Store Temporary Checker","F","Activo",24,"35-49"
251,"Skuce, Richard","Store Temporary Checker","M","Inactivo",11,"35-49"
252,"Coleman, George","Store Temporary Checker","F","Inactivo",17,"50+"
253,"Barnes, Lois","Store Temporary Checker","M","Inactivo",14,"50+"
254,"Camille, Jacky","Store Temporary Checker","M","Activo",23,"35-49"
255,"Allenbach, Michelle","Store Temporary Checker","M","Inactivo",16,"35-49"
256,"Smith, Franklin","Store Temporary Checker","F","Inactivo",16,"35-49"
257,"Minker, John","Store Temporary Checker","M","Inactivo",15,"35-49"
258,"Jimenez, Sarah","Store Permanent Stocker","M","Inactivo",15,"35-49"
259,"Malaby, Darwin","Store Permanent Stocker","M","Inactivo",16,"35-49"
260,"Caldwell, Pamela","Store Permanent Stocker","M","Inactivo",16,"50+"
261,"Tinder, Roger","Store Permanent Stocker","F","Inactivo",18,"35-49"
262,"Kropff, Joseph","Store Permanent Stocker","F","Inactivo",14,"50+"
263,"Worsham, Mimi","Store Permanent Stocker","F","Inactivo",17,"35-49"
264,"Bernal, Ruth","Store Permanent Stocker","F","Inactivo",14,"35-49"
265,"Zimmerman, Yolanda","Store Permanent Stocker","M","Inactivo",15,"35-49"
266,"Evans, Sandra","Store Permanent Stocker","F","Inactivo",13,"35-49"
267,"Bowman, Virginia","Store Permanent Stocker","M","Inactivo",16,"35-49"
268,"Coleman, Mary","Store Permanent Stocker","F","Inactivo",13,"35-49"
269,"Chrisulis, Kevin","Store Permanent Stocker","M","Inactivo",19,"35-49"
270,"Whitcomb, Lee","Store Temporary Stocker","M","Inactivo",13,"35-49"
271,"Turcios, Brian","Store Temporary Stocker","F","Inactivo",19,"35-49"
272,"Confetti, Jennifer","Store Temporary Stocker","F","Inactivo",12,"35-49"
273,"Takemura, Geneva","Store Temporary Stocker","M","Inactivo",15,"35-49"
274,"Campbell, Lynn","Store Temporary Stocker","F","Inactivo",18,"35-49"
275,"Smith, Nina","Store Temporary Stocker","M","Inactivo",18,"35-49"
276,"Vuong, Darrell","Store Temporary Stocker","M","Inactivo",15,"35-49"
277,"Abbott, Eric","Store Temporary Stocker","F","Inactivo",13,"35-49"
278,"Liff, Doris","Store Temporary Stocker","F","Inactivo",19,"35-49"
279,"Steinberg, John","Store Temporary Stocker","F","Inactivo",12,"50+"
280,"Megel, Jerry","Store Temporary Stocker","F","Inactivo",14,"35-49"
281,"Styles, John","Store Temporary Stocker","F","Inactivo",15,"35-49"
282,"Head, Shirley","Store Temporary Stocker","M","Inactivo",15,"35-49"
283,"Story, James","Store Temporary Stocker","F","Inactivo",19,"35-49"
284,"Boone, Jean","Store Temporary Stocker","F","Inactivo",18,"35-49"
285,"Mccoy, Ralph","Store Assistant Manager","F","Inactivo",17,"35-49"
286,"Tuck, Anne","Store Shift Supervisor","F","Inactivo",17,"35-49"
287,"Sincich, Joy","Store Shift Supervisor","F","Inactivo",17,"35-49"
288,"Jameson, Bertha","Store Shift Supervisor","F","Inactivo",13,"35-49"
289,"Sanchez, Charles","Store Permanent Butcher","M","Inactivo",17,"50+"
290,"Parks, Wanda","Store Permanent Butcher","M","Inactivo",14,"35-49"
291,"Vij, Nathan","Store Information Systems","M","Inactivo",14,"35-49"
292,"Zugschwert, Corinne","Sales Executive","M","Activo",24,"50+"
293,"Adams, Michelle","Sales Executive","F","Activo",24,"50+"
294,"Steen, Donahue","Sales Executive","M","Activo",24,"35-49"
295,"Baker, John","Sales Executive","F","Activo",25,"35-49"
296,"Pearl, Keith","Sales Executive","F","Activo",23,"50+"
297,"Roundtree, Sarah","Sales Executive","F","Activo",25,"35-49"
298,"Bollin, Lawrence","Sales Executive","F","Activo",22,"35-49"
299,"Hopkins, Fred","Sales Executive","M","Activo",24,"35-49"
300,"Vicknair, Caroline","Sales Executive","F","Activo",23,"35-49"
301,"McPhearson, Nancy","Sales Executive","F","Activo",24,"35-49"
302,"Albright, Anna","Sales Executive","M","Activo",22,"35-49"
303,"Thomas, Phyllis","Sales Executive","M","Activo",24,"35-49"
304,"Perko, Tina","Sales Executive","F","Activo",23,"35-49"
305,"McCarty, Jane","Sales Executive","M","Activo",23,"35-49"
306,"Bent, Scot","Sales Executive","F","Activo",22,"50+"
307,"Chambers, Pat","Store Temporary Checker","F","Inactivo",13,"50+"
308,"Bellifa, Stanley","Store Temporary Checker","M","Inactivo",14,"35-49"
309,"Johnson, Samuel","Store Temporary Checker","F","Inactivo",16,"35-49"
310,"Vrins, Janice","Store Temporary Checker","M","Inactivo",19,"35-49"
311,"Mcdonald, Christinia","Store Temporary Checker","M","Inactivo",13,"35-49"
312,"Weldon, Ole","Store Temporary Checker","M","Inactivo",13,"35-49"
313,"Choin, Ruth","Store Temporary Checker","F","Inactivo",12,"35-49"
314,"Crow, Sharon","Store Temporary Checker","M","Inactivo",17,"50+"
315,"Avalos, Robert","Store Temporary Checker","M","Inactivo",19,"35-49"
316,"Jacobsen, Eric","Store Temporary Checker","M","Inactivo",17,"35-49"
317,"Castro, Pamela","Store Temporary Checker","F","Inactivo",17,"35-49"
318,"Caldwell, Sylvia","Store Temporary Checker","F","Inactivo",17,"50+"
319,"Reed, Russell","Store Temporary Checker","F","Inactivo",14,"35-49"
320,"Kelley, Victor","Store Temporary Checker","M","Inactivo",14,"35-49"
321,"Taylor, Damon","Store Temporary Checker","M","Inactivo",17,"35-49"
322,"Robinson, Rebecca","Store Temporary Checker","F","Inactivo",15,"35-49"
323,"Thomsen, Andrea","Store Temporary Checker","M","Inactivo",19,"35-49"
324,"Baldwin, Douglas","Store Temporary Checker","F","Inactivo",12,"35-49"
325,"Yuhasz, Ian","Store Permanent Stocker","F","Inactivo",18,"35-49"
326,"Carmody, Jovita","Store Permanent Stocker","F","Inactivo",16,"35-49"
327,"Gonzales, Lynn","Store Permanent Stocker","M","Inactivo",16,"35-49"
328,"Allen, Phyllis","Store Permanent Stocker","F","Inactivo",18,"35-49"
329,"Caprio, Johnny","Store Permanent Stocker","F","Inactivo",17,"35-49"
330,"Slaven, Lanna","Store Permanent Stocker","M","Inactivo",18,"35-49"
331,"Ortiz, Fred","Store Permanent Stocker","M","Inactivo",16,"35-49"
332,"Beaver, John","Store Permanent Stocker","F","Inactivo",12,"35-49"
333,"Rhodes, Albert","Store Permanent Stocker","F","Inactivo",15,"50+"
334,"Kaffer, Scott","Store Permanent Stocker","F","Inactivo",18,"35-49"
335,"Bales, Jennifer","Store Permanent Stocker","M","Inactivo",17,"35-49"
336,"Stotka, Louis","Store Permanent Stocker","F","Inactivo",14,"35-49"
337,"Maynard, Sandra","Store Permanent Stocker","M","Inactivo",19,"35-49"
338,"Tuell, Gracia","Store Permanent Stocker","F","Inactivo",18,"35-49"
339,"Burnett, Timothy","Store Permanent Stocker","F","Inactivo",15,"25-34"
340,"Haugh, James","Store Temporary Stocker","M","Inactivo",17,"35-49"
341,"Moberly, Paula","Store Temporary Stocker","F","Inactivo",16,"35-49"
342,"Meyer, Eric","Store Temporary Stocker","F","Inactivo",16,"35-49"
343,"Orona, Gloria","Store Temporary Stocker","M","Inactivo",15,"50+"
344,"Warmack, Ruth","Store Temporary Stocker","F","Inactivo",17,"35-49"
345,"Wall, Joanna","Store Temporary Stocker","M","Inactivo",16,"35-49"
346,"Appelbaum, Sabria","Store Temporary Stocker","F","Inactivo",17,"50+"
347,"Kung, Jeffrey","Store Temporary Stocker","M","Inactivo",13,"35-49"
348,"Wilson, Gloria","Store Temporary Stocker","F","Inactivo",13,"50+"
349,"Tuffield, Phyllis","Store Temporary Stocker","F","Inactivo",15,"35-49"
350,"Ping, Patricia","Store Temporary Stocker","M","Inactivo",18,"35-49"
351,"Shepard, David","Store Temporary Stocker","F","Inactivo",16,"35-49"
352,"Bailey, James","Store Temporary Stocker","F","Inactivo",16,"50+"
353,"Chestnut, Susan","Store Temporary Stocker","F","Inactivo",17,"50+"
354,"Toone, Delia","Store Temporary Stocker","F","Inactivo",14,"35-49"
355,"Armstrong, Thomas","Store Temporary Stocker","F","Inactivo",19,"35-49"
356,"Billstrom, Mary","Store Temporary Stocker","M","Inactivo",11,"35-49"
357,"Stotka, Robert","Store Temporary Stocker","F","Inactivo",16,"50+"
358,"Johnson, Danielle","Store Assistant Manager","F","Inactivo",17,"35-49"
359,"Lepro, Bonnie","Sales Executive","M","Activo",21,"25-34"
360,"Elliott, Carol","Store Temporary Checker","F","Activo",24,"35-49"
361,"Steelman, Shanay","Store Assistant Manager","F","Inactivo",15,"35-49"
362,"Adams, Frances","Store Shift Supervisor","F","Inactivo",15,"35-49"
363,"Poorbaugh, Alma","Store Shift Supervisor","F","Inactivo",11,"35-49"
364,"Hasty, Neal","Store Shift Supervisor","F","Inactivo",19,"35-49"
365,"Betsekas, Steven","Store Permanent Butcher","M","Inactivo",12,"50+"
366,"Ziegler, Arvid","Store Permanent Butcher","F","Inactivo",16,"35-49"
367,"Weyerhaeuser, Ann","Store Information Systems","F","Inactivo",13,"35-49"
368,"Robinson, Dorothy","Sales Executive","F","Activo",24,"50+"
369,"Brunner, June","Sales Executive","M","Activo",25,"50+"
370,"Frazier, Judith","Sales Executive","M","Activo",24,"50+"
371,"Rector, Michelle","Sales Executive","M","Activo",25,"35-49"
372,"Caldwell, Mari","Sales Executive","F","Activo",25,"35-49"
373,"Gonzales, Linda","Sales Executive","F","Activo",23,"35-49"
374,"Monitor, Alan","Sales Executive","F","Activo",24,"35-49"
375,"Lewin, Elsie","Sales Executive","M","Activo",22,"35-49"
376,"Desalvo, Bev","Sales Executive","F","Activo",25,"35-49"
377,"Alpuerto, Oscar","Sales Executive","M","Activo",24,"35-49"
378,"Marshall, Cecelia","Sales Executive","M","Activo",23,"35-49"
379,"Bockenkamp, Gabriel","Sales Executive","M","Activo",25,"35-49"
380,"Kesterson, Alice","Store Temporary Checker","F","Inactivo",10,"50+"
381,"Alexander, J. Phillip","Store Temporary Checker","M","Inactivo",15,"35-49"
382,"Mendoza, R. Morgan","Store Temporary Checker","M","Inactivo",17,"35-49"
383,"Herrick, Pam","Store Temporary Checker","M","Inactivo",16,"35-49"
384,"McCoy, James","Store Temporary Checker","F","Inactivo",12,"35-49"
385,"Thoreson, Rossane","Store Temporary Checker","F","Inactivo",14,"50+"
386,"Snowden, Victoria","Store Temporary Checker","M","Inactivo",17,"35-49"
387,"Blanton, Donald","Store Temporary Checker","F","Inactivo",12,"50+"
388,"Gibbens, Cornett","Store Temporary Checker","M","Inactivo",15,"35-49"
389,"Alcorn, Paul","Store Temporary Checker","M","Inactivo",15,"35-49"
390,"Miller, Virginia","Store Temporary Checker","M","Inactivo",15,"35-49"
391,"Campen, Henry","Store Temporary Checker","F","Inactivo",17,"35-49"
392,"Coffman, Connie","Store Temporary Checker","M","Inactivo",12,"35-49"
393,"Bustamante, Jared","Store Temporary Checker","M","Inactivo",16,"50+"
394,"Eldridge, Carla","Store Temporary Checker","F","Inactivo",18,"35-49"
395,"Sipsy, Barbara","Store Permanent Stocker","F","Inactivo",18,"35-49"
396,"Weimer, Dorothy","Store Permanent Stocker","M","Inactivo",14,"35-49"
397,"Irwin, Richard","Store Permanent Stocker","M","Inactivo",17,"35-49"
398,"Son, Alma","Store Permanent Stocker","M","Inactivo",14,"35-49"
399,"Brandon, Cornelius","Store Permanent Stocker","F","Inactivo",15,"35-49"
400,"Quintana, Monica","Store Permanent Stocker","M","Inactivo",17,"35-49"
401,"Colon, John","Store Permanent Stocker","F","Inactivo",17,"35-49"
402,"Barlow, Brenda","Store Permanent Stocker","M","Inactivo",18,"50+"
403,"Adina, Ronald","Store Permanent Stocker","M","Inactivo",14,"35-49"
404,"Bohling, Michael","Store Permanent Stocker","F","Inactivo",12,"50+"
405,"Wheeler, Sam","Store Permanent Stocker","M","Inactivo",17,"35-49"
406,"Swearengin, Abraham","Store Permanent Stocker","M","Inactivo",13,"35-49"
407,"Givens, David","Store Temporary Stocker","F","Inactivo",11,"35-49"
408,"Beanston, Glenna","Store Temporary Stocker","M","Inactivo",16,"35-49"
409,"Bruno, Dirk","Store Temporary Stocker","M","Inactivo",16,"50+"
410,"Berger, Alexander","Store Temporary Stocker","M","Inactivo",14,"35-49"
411,"Sultan, Marcia","Store Temporary Stocker","M","Inactivo",15,"35-49"
412,"Svoboda, Martin","Store Temporary Stocker","F","Inactivo",15,"35-49"
413,"Tullao, Mary","Store Temporary Stocker","F","Inactivo",15,"35-49"
414,"Hernandez, Irene","Store Temporary Stocker","M","Inactivo",12,"35-49"
415,"Wilkie, Jay Saxema","Store Temporary Stocker","F","Inactivo",15,"35-49"
416,"Lunt, Sean","Store Temporary Stocker","F","Inactivo",14,"50+"
417,"Fulton, Paul","Store Temporary Stocker","F","Inactivo",15,"35-49"
418,"Dillon, Rudolph","Store Temporary Stocker","F","Inactivo",19,"35-49"
419,"Miller, Matthew","Store Temporary Stocker","F","Inactivo",15,"35-49"
420,"Stern, Vassar","Store Temporary Stocker","F","Inactivo",13,"35-49"
421,"Suffin, Ruth","Store Temporary Stocker","M","Inactivo",13,"35-49"
422,"Cleary, Kristine","Store Assistant Manager","F","Inactivo",13,"35-49"
423,"Homax, Jaunita","Store Shift Supervisor","F","Inactivo",15,"35-49"
424,"Adams, Margaret","Store Shift Supervisor","M","Inactivo",15,"35-49"
425,"Zubaty, Carla","Store Shift Supervisor","M","Inactivo",14,"35-49"
426,"Khan, Tammy","Store Permanent Butcher","M","Inactivo",15,"35-49"
427,"Brinkd, David","Store Permanent Butcher","M","Inactivo",13,"50+"
428,"Clark, James","Store Information Systems","M","Inactivo",13,"35-49"
429,"Dennis, Helen","Sales Executive","M","Activo",24,"35-49"
430,"Brumfield, Eric","Sales Executive","F","Activo",23,"50+"
431,"Sanchez, Madalena","Sales Executive","F","Activo",23,"35-49"
432,"Suess, Gary","Sales Executive","F","Activo",24,"50+"
433,"Trach, Glenn","Sales Executive","F","Activo",24,"35-49"
434,"White, Cynthia","Sales Executive","F","Activo",22,"35-49"
435,"Brian, Walter","Sales Executive","M","Activo",23,"35-49"
436,"Trujillo, Christie","Sales Executive","F","Activo",23,"50+"
437,"Alameda, Lili","Sales Executive","F","Activo",25,"35-49"
438,"Fox, Dorothy","Sales Executive","M","Activo",24,"35-49"
439,"Gallagher, Aldeen","Sales Executive","F","Activo",24,"35-49"
440,"Myer, Dorothy","Sales Executive","F","Activo",24,"50+"
441,"Byrnes, David","Store Temporary Checker","F","Inactivo",12,"50+"
442,"Ryan, Justine","Store Temporary Checker","M","Inactivo",18,"35-49"
443,"Chand, Forrest","Store Temporary Checker","F","Inactivo",14,"35-49"
444,"Vanderkamp, Margaret","Store Temporary Checker","M","Inactivo",16,"35-49"
445,"Carroll, Rosmarie","Store Temporary Checker","F","Inactivo",11,"35-49"
446,"Contreras, Dorothy","Store Temporary Checker","M","Inactivo",19,"35-49"
447,"Cantoni, Joseph","Store Temporary Checker","M","Inactivo",14,"35-49"
448,"Reed, Celine","Store Temporary Checker","F","Inactivo",13,"35-49"
449,"Peterson, Glin","Store Temporary Checker","M","Inactivo",15,"35-49"
450,"Osborn, Stephen","Store Temporary Checker","F","Inactivo",17,"35-49"
451,"Graham., Lowell","Store Temporary Checker","F","Inactivo",14,"35-49"
452,"Shaddy, Jamie","Store Temporary Checker","F","Inactivo",18,"35-49"
453,"Haemon, Hattie","Store Temporary Checker","M","Inactivo",12,"35-49"
454,"Krow, Jame","Store Temporary Checker","F","Inactivo",14,"35-49"
455,"Belli, Shane","Store Temporary Checker","M","Inactivo",17,"35-49"
456,"Porter, Ethel","Store Permanent Stocker","F","Inactivo",14,"35-49"
457,"Lesko, Gloria","Store Permanent Stocker","F","Inactivo",16,"35-49"
458,"Worland, Michael","Store Permanent Stocker","M","Inactivo",12,"35-49"
459,"Torre, Alvin","Store Permanent Stocker","M","Inactivo",13,"35-49"
460,"Ramos, Susan","Store Permanent Stocker","M","Inactivo",17,"35-49"
461,"Christie, Jill","Store Permanent Stocker","F","Inactivo",15,"35-49"
462,"Zocchi, Juanita","Store Permanent Stocker","M","Inactivo",18,"35-49"
463,"Altamirano, Sandra","Store Permanent Stocker","M","Inactivo",16,"35-49"
464,"Benson, Edna","Store Permanent Stocker","M","Inactivo",14,"35-49"
465,"Deborde, Alexander","Store Permanent Stocker","M","Inactivo",13,"50+"
466,"Calone, Barbara","Store Permanent Stocker","F","Inactivo",17,"35-49"
467,"Pompa, Cheryl","Store Permanent Stocker","F","Inactivo",13,"35-49"
468,"Traube, Doris","Store Temporary Stocker","M","Inactivo",19,"35-49"
469,"Sloan, Cathy","Store Temporary Stocker","F","Inactivo",13,"35-49"
470,"Villa, Homer","Store Temporary Stocker","F","Inactivo",17,"35-49"
471,"Herman, Deena","Store Temporary Stocker","F","Inactivo",13,"35-49"
472,"Roberts, Leota","Store Temporary Stocker","F","Inactivo",16,"50+"
473,"Mc Clane, John","Store Temporary Stocker","F","Inactivo",18,"35-49"
474,"Maxham, Jennifer","Store Temporary Stocker","M","Inactivo",12,"35-49"
475,"Sullivan, Elizabeth","Store Temporary Stocker","F","Inactivo",17,"50+"
476,"Watada, Irene","Store Temporary Stocker","F","Inactivo",16,"35-49"
477,"Rhiger, Constance","Store Temporary Stocker","F","Inactivo",14,"50+"
478,"Finley, Rhoda","Store Temporary Stocker","F","Inactivo",18,"35-49"
479,"Winter, Kathleen","Store Temporary Stocker","F","Inactivo",13,"35-49"
480,"Adams, Carla","Store Temporary Stocker","M","Inactivo",15,"35-49"
481,"Tench, Vanessa","Store Temporary Stocker","M","Inactivo",19,"35-49"
482,"Brink, Carol","Store Temporary Stocker","M","Inactivo",17,"35-49"
483,"Reynolds, Adam","Store Assistant Manager","F","Inactivo",18,"50+"
484,"Posner, Constance","Store Shift Supervisor","F","Inactivo",18,"35-49"
485,"Hapke, William","Store Shift Supervisor","M","Inactivo",14,"35-49"
486,"Huff, Joshua","Store Shift Supervisor","F","Inactivo",19,"35-49"
487,"Brown, Carolee","Store Permanent Butcher","M","Inactivo",14,"50+"
488,"Giglio, Frances","Store Permanent Butcher","M","Inactivo",18,"35-49"
489,"Sherwood, Irma","Store Information Systems","F","Inactivo",18,"35-49"
490,"Becker, Benjamin","Sales Executive","F","Activo",25,"35-49"
491,"Tedford, Chad","Sales Executive","M","Activo",25,"35-49"
492,"Roy, Luke","Sales Executive","M","Activo",25,"35-49"
493,"Holloway, Jean","Sales Executive","F","Activo",24,"35-49"
494,"Trau, Olga","Sales Executive","M","Activo",25,"35-49"
495,"Carnes, Steve","Sales Executive","M","Activo",24,"35-49"
496,"Potts, Betty","Sales Executive","M","Activo",23,"35-49"
497,"Kozlowski, Edward","Sales Executive","M","Activo",24,"35-49"
498,"Looney, Sharon","Sales Executive","M","Activo",24,"35-49"
499,"Magenheimer, Patrick","Sales Executive","F","Activo",24,"35-49"
500,"Hofsetz, Sue","Sales Executive","F","Activo",25,"35-49"
501,"Gilliat, Janet","Sales Executive","F","Activo",24,"35-49"
502,"Wojcik, Charlene","Store Temporary Checker","F","Inactivo",17,"35-49"
503,"Wolf, Eunice","Store Temporary Checker","F","Inactivo",18,"35-49"
