"nombre","cod_producto","litros_envase","id","cod_venta","fecha_venta","cod_cliente","cod_empleado","cantidad","region","cod_sucursal"
"Old Fashioned Root Beer","11",2,5851,237022,,"-99","-99",3,,1
"Vanilla Cream Soda","28",0.5,5852,237022,,"-99","-99",6,,1
"Orange juice","37",0.5,5853,237022,,"-99","-99",7,,1
"Trappiste Beer","41",0.33,5854,237022,,"-99","-99",5,,1
"Old Fashioned Root Beer","11",2,17069,239046,,"-99","-99",4,,1
"Old Fashioned Root Beer","10",1,17998,239266,,"-99","-99",24,,1
"Energy drink","17",2,18417,239266,,"-99","-99",27,,1
"Diet Cream Soda","30",2,18418,239266,,"-99","-99",21,,1
"Grapefruit juice","34",0.5,19281,239266,,"-99","-99",21,,1
"Diet energy drink","40",0.5,20607,239266,,"-99","-99",28,,1
"Diet Cream Soda","29",1,21040,239266,,"-99","-99",3,,1
"Diet Root Beer","13",1,21366,239046,,"-99","-99",1,,1
"Energy drink","16",1,21367,239046,,"-99","-99",1,,1
"Grapefruit juice","34",0.5,21756,239046,,"-99","-99",3,,1
"Old Fashioned Root Beer","11",2,21835,239266,,"-99","-99",47,,1
"Vanilla Cream Soda","25",1,21836,239266,,"-99","-99",3,,1
"Grapefruit juice","33",2,22710,239266,,"-99","-99",46,,1
"Orange juice","35",1,22711,239266,,"-99","-99",8,,1
"Orange juice","35",1,32564,241864,,"-99","-99",5,,1
"Vanilla Cream Soda","28",0.5,33447,241864,,"-99","-99",10,,1
"Grapefruit juice","34",0.5,33867,241864,,"-99","-99",7,,1
"Orange juice","35",1,34342,241885,,"-99","-99",32,,1
"Diet Root Beer","14",2,35212,241864,,"-99","-99",7,,1
"Dark Cream Soda","23",2,35717,242093,,"-99","-99",1,,1
"Orange juice","36",2,36146,242197,,"-99","-99",2,,1
"Vanilla Cream Soda","28",0.5,36423,241885,,"-99","-99",30,,1
"Old Fashioned Root Beer","12",0.5,36510,242093,,"-99","-99",3,,1
"Old Fashioned Root Beer","10",1,36557,242197,,"-99","-99",26,,1
"Diet Cream Soda","30",2,37016,242197,,"-99","-99",22,,1
"Vanilla Cream Soda","26",2,37375,242197,,"-99","-99",17,,1
"Vanilla Cream Soda","28",0.5,37376,242197,,"-99","-99",5,,1
"Energy drink","16",1,37629,241864,,"-99","-99",8,,1
"Grapefruit juice","33",2,38513,241864,,"-99","-99",7,,1
"Orval Beer","42",0.33,38991,242093,,"-99","-99",5,,1
"Trappiste Beer","41",0.33,39037,242197,,"-99","-99",23,,1
"Birch Beer","21",0.5,39486,242197,,"-99","-99",4,,1
"Birch Beer","20",2,39917,242197,,"-99","-99",27,,1
"Grapefruit juice","34",0.5,39918,242197,,"-99","-99",18,,1
"Old Fashioned Root Beer","11",2,40350,242197,,"-99","-99",29,,1
"Energy drink","18",0.5,40351,242197,,"-99","-99",43,,1
"Grapefruit juice","33",2,40352,242197,,"-99","-99",16,,1
"Diet energy drink","40",0.5,40684,243044,,"-99","-99",7,,1
"Diet Root Beer","14",2,40801,242197,,"-99","-99",31,,1
"Dark Cream Soda","24",0.5,41699,242197,,"-99","-99",64,,1
"Orval Beer","42",0.33,41700,242197,,"-99","-99",23,,1
"Energy drink","17",2,42006,243044,,"-99","-99",27,,1
"Diet Root Beer","15",0.5,42129,243375,,"-99","-99",6,,1
"Diet Root Beer","13",1,42142,242197,,"-99","-99",16,,1
"Energy drink","17",2,42143,242197,,"-99","-99",23,,1
"Old Fashioned Root Beer","12",0.5,42570,243375,,"-99","-99",8,,1
"Diet energy drink","40",0.5,43417,243375,,"-99","-99",6,,1
"Orange juice","35",1,43680,243044,,"-99","-99",16,,1
"Grapefruit juice","34",0.5,43797,243375,,"-99","-99",15,,1
"Dark Cream Soda","23",2,44241,243375,,"-99","-99",6,,1
"Diet Cream Soda","29",1,45346,243044,,"-99","-99",27,,1
"Diet Root Beer","14",2,45764,243044,,"-99","-99",18,,1
"Vanilla Cream Soda","26",2,45765,243044,,"-99","-99",14,,1
"Diet Root Beer","14",2,45915,243375,,"-99","-99",3,,1
"Diet Root Beer","13",1,46708,243375,,"-99","-99",22,,1
"Grapefruit juice","32",1,47602,243375,,"-99","-99",28,,1
"Vanilla Cream Soda","25",1,48033,243375,,"-99","-99",33,,1
"Orange juice","36",2,48034,243375,,"-99","-99",18,,1
"Birch Beer","21",0.5,48477,243375,,"-99","-99",17,,1
"Orange juice","35",1,49317,244440,,"-99","-99",9,,1
"Diet Root Beer","15",0.5,71342,247653,,"-99","-99",7,,1
"Vanilla Cream Soda","25",1,72427,248268,,"-99","-99",9,,1
"Diet Root Beer","13",1,72622,247653,,"-99","-99",6,,1
"Birch Beer","21",0.5,72827,248268,,"-99","-99",5,,1
"Energy drink","17",2,73304,248268,,"-99","-99",5,,1
"Diet energy drink","39",2,75280,248268,,"-99","-99",9,,1
"Diet Cream Soda","30",2,89930,251028,,"-99","-99",1,,1
"Diet energy drink","38",1,89931,251028,,"-99","-99",7,,1
"Vanilla Cream Soda","26",2,91703,251028,,"-99","-99",11,,1
"Diet energy drink","40",0.5,94113,251725,,"-99","-99",8,,1
"Old Fashioned Root Beer","10",1,94666,252145,,"-99","-99",59,,1
"Old Fashioned Root Beer","12",0.5,94684,251028,,"-99","-99",9,,1
"Old Fashioned Root Beer","11",2,95759,251725,,"-99","-99",8,,1
"Diet energy drink","38",1,96355,252145,,"-99","-99",15,,1
"Diet Cream Soda","30",2,97136,252145,,"-99","-99",4,,1
"Old Fashioned Root Beer","12",0.5,97580,252145,,"-99","-99",29,,1
"Energy drink","17",2,98031,252145,,"-99","-99",12,,1
"Diet Cream Soda","31",0.5,98032,252145,,"-99","-99",18,,1
"Dark Cream Soda","24",0.5,98229,252606,,"-99","-99",13,,1
"Vanilla Cream Soda","28",0.5,99468,252606,,"-99","-99",7,,1
"Vanilla Cream Soda","26",2,99726,252145,,"-99","-99",24,,1
"Vanilla Cream Soda","27",0.67,99727,252145,,"-99","-99",23,,1
"Energy drink","18",0.5,100165,252145,,"-99","-99",29,,1
"Diet energy drink","39",2,100628,252145,,"-99","-99",4,,1
"Birch Beer","21",0.5,101632,252606,,"-99","-99",16,,1
"Vanilla Cream Soda","25",1,102872,252606,,"-99","-99",29,,1
"Trappiste Beer","41",0.33,102873,252606,,"-99","-99",12,,1
"Diet Root Beer","13",1,102921,252732,,"-99","-99",6,,1
"Diet Root Beer","14",2,103354,252732,,"-99","-99",8,,1
"Grapefruit juice","34",0.5,107109,253681,,"-99","-99",8,,1
"Old Fashioned Root Beer","11",2,108405,253681,,"-99","-99",1,,1
"Energy drink","17",2,108769,253580,,"-99","-99",22,,1
"Dark Cream Soda","23",2,109277,253681,,"-99","-99",4,,1
"Diet Cream Soda","29",1,115308,255158,,"-99","-99",7,,1
"Birch Beer","21",0.5,115509,255740,,"-99","-99",8,,1
"Diet Root Beer","13",1,116856,255779,,"-99","-99",5,,1
"Old Fashioned Root Beer","12",0.5,118065,255761,,"-99","-99",1,,1
"Orange juice","36",2,118522,255761,,"-99","-99",5,,1
"Grapefruit juice","32",1,118919,255779,,"-99","-99",5,,1
"Vanilla Cream Soda","25",1,118941,255830,,"-99","-99",7,,1
"Orange juice","36",2,120613,255740,,"-99","-99",16,,1
"Diet Root Beer","15",0.5,120622,255761,,"-99","-99",6,,1
"Vanilla Cream Soda","27",0.67,121885,255779,,"-99","-99",7,,1
"Orange juice","37",0.5,122333,255740,,"-99","-99",17,,1
"Vanilla Cream Soda","28",0.5,122794,255761,,"-99","-99",3,,1
"Trappiste Beer","41",0.33,122795,255761,,"-99","-99",2,,1
"Diet energy drink","38",1,124781,256675,,"-99","-99",1,,1
"Diet energy drink","39",2,124782,256675,,"-99","-99",7,,1
"Diet Root Beer","14",2,126061,256675,,"-99","-99",5,,1
"Vanilla Cream Soda","27",0.67,126359,257415,,"-99","-99",7,,1
"Vanilla Cream Soda","25",1,129324,257415,,"-99","-99",4,,1
"Diet Root Beer","14",2,130208,257415,,"-99","-99",10,,1
"Diet Cream Soda","29",1,130656,257415,,"-99","-99",3,,1
"Grapefruit juice","32",1,130657,257415,,"-99","-99",3,,1
"Vanilla Cream Soda","27",0.67,133878,258264,,"-99","-99",6,,1
"Diet Root Beer","15",0.5,134380,258397,,"-99","-99",10,,1
"Diet Cream Soda","30",2,134736,258264,,"-99","-99",8,,1
"Birch Beer","19",1,135143,258397,,"-99","-99",5,,1
"Diet Cream Soda","30",2,135864,259135,,"-99","-99",15,,1
"Dark Cream Soda","24",0.5,136047,258397,,"-99","-99",6,,1
"Diet energy drink","38",1,136803,259135,,"-99","-99",14,,1
"Orange juice","35",1,137641,259135,,"-99","-99",15,,1
"Orval Beer","42",0.33,137810,258397,,"-99","-99",3,,1
"Diet Root Beer","15",0.5,138082,259135,,"-99","-99",29,,1
"Diet Cream Soda","29",1,138083,259135,,"-99","-99",19,,1
"Diet Root Beer","13",1,138905,259135,,"-99","-99",2,,1
"Grapefruit juice","32",1,138906,259135,,"-99","-99",15,,1
"Birch Beer","20",2,139283,259135,,"-99","-99",13,,1
"Old Fashioned Root Beer","10",1,140127,259135,,"-99","-99",5,,1
"Grapefruit juice","33",2,141471,259135,,"-99","-99",2,,1
"Dark Cream Soda","22",1,141861,259135,,"-99","-99",20,,1
"Vanilla Cream Soda","26",2,142403,259602,,"-99","-99",3,,1
"Diet energy drink","39",2,144156,259602,,"-99","-99",1,,1
"Energy drink","17",2,147127,260727,,"-99","-99",55,,1
"Diet Cream Soda","29",1,147128,260727,,"-99","-99",16,,1
"Trappiste Beer","41",0.33,147980,260727,,"-99","-99",5,,1
"Grapefruit juice","34",0.5,148438,260727,,"-99","-99",11,,1
"Birch Beer","20",2,148846,260727,,"-99","-99",19,,1
"Old Fashioned Root Beer","12",0.5,149256,260727,,"-99","-99",14,,1
"Diet Root Beer","13",1,150080,260727,,"-99","-99",26,,1
"Vanilla Cream Soda","25",1,150081,260727,,"-99","-99",3,,1
"Diet energy drink","39",2,150082,260727,,"-99","-99",17,,1
"Grapefruit juice","33",2,150957,260727,,"-99","-99",25,,1
"Vanilla Cream Soda","28",0.5,151394,260727,,"-99","-99",22,,1
"Old Fashioned Root Beer","10",1,152597,261766,,"-99","-99",25,,1
"Grapefruit juice","34",0.5,153467,261766,,"-99","-99",38,,1
"Trappiste Beer","41",0.33,153468,261766,,"-99","-99",9,,1
"Energy drink","17",2,154333,261766,,"-99","-99",18,,1
"Vanilla Cream Soda","28",0.5,154334,261766,,"-99","-99",15,,1
"Orval Beer","42",0.33,154335,261766,,"-99","-99",30,,1
"Diet Cream Soda","29",1,154757,261766,,"-99","-99",17,,1
"Orange juice","35",1,154758,261766,,"-99","-99",1,,1
"Diet energy drink","39",2,155168,261766,,"-99","-99",21,,1
"Birch Beer","21",0.5,156050,261766,,"-99","-99",22,,1
"Diet Root Beer","13",1,158575,261766,,"-99","-99",30,,1
"Dark Cream Soda","24",0.5,158576,261766,,"-99","-99",14,,1
"Grapefruit juice","33",2,166665,263947,,"-99","-99",10,,1
"Old Fashioned Root Beer","10",1,167089,264211,,"-99","-99",11,,1
"Diet Cream Soda","29",1,167538,264211,,"-99","-99",7,,1
"Old Fashioned Root Beer","10",1,169127,263947,,"-99","-99",6,,1
"Dark Cream Soda","23",2,169420,264777,,"-99","-99",6,,1
"Diet energy drink","39",2,169827,264777,,"-99","-99",3,,1
"Grapefruit juice","33",2,170312,264777,,"-99","-99",8,,1
"Orval Beer","42",0.33,170313,264777,,"-99","-99",14,,1
"Grapefruit juice","32",1,170453,263947,,"-99","-99",9,,1
"Old Fashioned Root Beer","10",1,170756,264777,,"-99","-99",29,,1
"Vanilla Cream Soda","26",2,170852,263947,,"-99","-99",18,,1
"Birch Beer","19",1,171179,264777,,"-99","-99",1,,1
"Vanilla Cream Soda","28",0.5,171180,264777,,"-99","-99",25,,1
"Birch Beer","21",0.5,171561,264777,,"-99","-99",35,,1
"Grapefruit juice","33",2,172656,264211,,"-99","-99",47,,1
"Orval Beer","42",0.33,173103,264211,,"-99","-99",13,,1
"Diet Cream Soda","31",0.5,173282,264777,,"-99","-99",9,,1
"Old Fashioned Root Beer","11",2,173779,264777,,"-99","-99",20,,1
"Dark Cream Soda","22",1,174547,264777,,"-99","-99",28,,1
"Dark Cream Soda","24",0.5,174969,264777,,"-99","-99",28,,1
"Energy drink","18",0.5,175423,264777,,"-99","-99",26,,1
"Trappiste Beer","41",0.33,175424,264777,,"-99","-99",11,,1
"Vanilla Cream Soda","25",1,180614,266233,,"-99","-99",10,,1
"Grapefruit juice","33",2,181069,266233,,"-99","-99",8,,1
"Dark Cream Soda","22",1,182780,266233,,"-99","-99",4,,1
"Energy drink","16",1,183535,266233,,"-99","-99",3,,1
"Diet Root Beer","14",2,184878,266233,,"-99","-99",1,,1
"Diet Cream Soda","30",2,187977,267692,,"-99","-99",1,,1
"Dark Cream Soda","24",0.5,189671,267692,,"-99","-99",5,,1
"Diet Cream Soda","31",0.5,190117,267692,,"-99","-99",19,,1
"Grapefruit juice","32",1,190500,267692,,"-99","-99",19,,1
"Grapefruit juice","33",2,190891,267692,,"-99","-99",17,,1
"Old Fashioned Root Beer","12",0.5,191773,267692,,"-99","-99",28,,1
"Birch Beer","20",2,192216,267692,,"-99","-99",11,,1
"Orange juice","36",2,193095,267692,,"-99","-99",29,,1
"Old Fashioned Root Beer","11",2,193923,267692,,"-99","-99",14,,1
"Diet energy drink","38",1,197880,269315,,"-99","-99",28,,1
"Diet Root Beer","15",0.5,200019,269315,,"-99","-99",23,,1
"Old Fashioned Root Beer","10",1,200459,269315,,"-99","-99",19,,1
"Diet energy drink","40",0.5,200460,269315,,"-99","-99",17,,1
"Diet Cream Soda","30",2,200870,269315,,"-99","-99",3,,1
"Old Fashioned Root Beer","12",0.5,201300,269315,,"-99","-99",6,,1
"Energy drink","16",1,201301,269315,,"-99","-99",28,,1
"Birch Beer","19",1,201721,269315,,"-99","-99",2,,1
"Diet Cream Soda","31",0.5,201722,269315,,"-99","-99",7,,1
"Trappiste Beer","41",0.33,201723,269315,,"-99","-99",14,,1
"Birch Beer","20",2,202125,269315,,"-99","-99",30,,1
"Grapefruit juice","34",0.5,202126,269315,,"-99","-99",57,,1
"Dark Cream Soda","23",2,203439,269315,,"-99","-99",9,,1
"Diet Root Beer","13",1,203887,269315,,"-99","-99",28,,1
"Grapefruit juice","32",1,204319,269315,,"-99","-99",6,,1
"Diet Root Beer","13",1,210078,271167,,"-99","-99",22,,1
"Vanilla Cream Soda","26",2,210079,271167,,"-99","-99",39,,1
"Diet Root Beer","15",0.5,212214,271167,,"-99","-99",18,,1
"Diet energy drink","38",1,213024,271167,,"-99","-99",5,,1
"Orval Beer","42",0.33,213025,271167,,"-99","-99",16,,1
"Grapefruit juice","34",0.5,213680,271688,,"-99","-99",8,,1
"Grapefruit juice","32",1,216631,271688,,"-99","-99",8,,1
"Diet Root Beer","14",2,216961,272610,,"-99","-99",33,,1
"Diet Root Beer","15",0.5,217865,272610,,"-99","-99",2,,1
"Grapefruit juice","33",2,217866,272610,,"-99","-99",2,,1
"Dark Cream Soda","24",0.5,217962,271688,,"-99","-99",2,,1
"Trappiste Beer","41",0.33,218356,271688,,"-99","-99",9,,1
"Energy drink","18",0.5,219132,272610,,"-99","-99",29,,1
"Grapefruit juice","34",0.5,219953,272610,,"-99","-99",16,,1
"Diet energy drink","39",2,219954,272610,,"-99","-99",5,,1
"Diet energy drink","40",0.5,220391,272610,,"-99","-99",24,,1
"Diet Cream Soda","31",0.5,220784,272610,,"-99","-99",12,,1
"Energy drink","16",1,221230,272610,,"-99","-99",24,,1
"Orange juice","37",0.5,221231,272610,,"-99","-99",29,,1
"Birch Beer","21",0.5,223364,272610,,"-99","-99",34,,1
"Grapefruit juice","34",0.5,226404,273935,,"-99","-99",10,,1
"Vanilla Cream Soda","28",0.5,226859,274009,,"-99","-99",22,,1
"Birch Beer","21",0.5,228561,274009,,"-99","-99",26,,1
"Birch Beer","19",1,229015,274009,,"-99","-99",2,,1
"Diet energy drink","39",2,229016,274009,,"-99","-99",18,,1
"Birch Beer","20",2,229368,273935,,"-99","-99",5,,1
"Orval Beer","42",0.33,229862,274009,,"-99","-99",9,,1
"Grapefruit juice","33",2,230268,274009,,"-99","-99",14,,1
"Vanilla Cream Soda","28",0.5,230636,273935,,"-99","-99",1,,1
"Diet energy drink","38",1,230666,274009,,"-99","-99",7,,1
"Dark Cream Soda","22",1,231102,274009,,"-99","-99",47,,1
"Orange juice","37",0.5,231103,274009,,"-99","-99",17,,1
"Diet energy drink","40",0.5,232396,273935,,"-99","-99",2,,1
"Old Fashioned Root Beer","10",1,238179,275958,,"-99","-99",2,,1
"Energy drink","17",2,242343,276823,,"-99","-99",26,,1
"Orange juice","35",1,242901,275958,,"-99","-99",2,,1
"Energy drink","16",1,243655,276823,,"-99","-99",17,,1
"Energy drink","18",0.5,244062,276823,,"-99","-99",18,,1
"Old Fashioned Root Beer","12",0.5,245333,276823,,"-99","-99",30,,1
"Diet Root Beer","14",2,245334,276823,,"-99","-99",20,,1
"Dark Cream Soda","22",1,245760,276823,,"-99","-99",12,,1
"Diet Cream Soda","31",0.5,247473,276823,,"-99","-99",18,,1
"Birch Beer","21",0.5,248299,276823,,"-99","-99",2,,1
"Dark Cream Soda","23",2,248710,276823,,"-99","-99",21,,1
"Trappiste Beer","41",0.33,248711,276823,,"-99","-99",40,,1
"Vanilla Cream Soda","28",0.5,251736,278097,,"-99","-99",3,,1
"Vanilla Cream Soda","27",0.67,252582,278097,,"-99","-99",15,,1
"Dark Cream Soda","24",0.5,255565,278097,,"-99","-99",5,,1
"Diet energy drink","40",0.5,255566,278097,,"-99","-99",5,,1
"Old Fashioned Root Beer","11",2,256367,279186,,"-99","-99",28,,1
"Grapefruit juice","32",1,256368,279186,,"-99","-99",12,,1
"Grapefruit juice","33",2,257275,279186,,"-99","-99",22,,1
"Dark Cream Soda","24",0.5,258135,279186,,"-99","-99",27,,1
"Diet Cream Soda","29",1,258961,279186,,"-99","-99",29,,1
"Diet energy drink","38",1,259440,279186,,"-99","-99",29,,1
"Vanilla Cream Soda","28",0.5,260694,279186,,"-99","-99",25,,1
"Diet Cream Soda","30",2,261612,279373,,"-99","-99",1,,1
"Orval Beer","42",0.33,275133,281391,,"-99","-99",2,,1
"Vanilla Cream Soda","28",0.5,275965,281391,,"-99","-99",4,,1
"Orange juice","37",0.5,276715,282135,,"-99","-99",2,,1
"Vanilla Cream Soda","25",1,277497,282135,,"-99","-99",10,,1
"Birch Beer","20",2,278780,282135,,"-99","-99",1,,1
"Energy drink","18",0.5,281319,282135,,"-99","-99",8,,1
"Vanilla Cream Soda","25",1,281660,283073,,"-99","-99",12,,1
"Vanilla Cream Soda","28",0.5,281773,282135,,"-99","-99",1,,1
"Energy drink","17",2,294222,284862,,"-99","-99",8,,1
"Grapefruit juice","32",1,294862,285357,,"-99","-99",17,,1
"Trappiste Beer","41",0.33,295076,284862,,"-99","-99",21,,1
"Orange juice","37",0.5,295263,285357,,"-99","-99",25,,1
"Trappiste Beer","41",0.33,295264,285357,,"-99","-99",45,,1
"Old Fashioned Root Beer","12",0.5,295331,285542,,"-99","-99",4,,1
"Energy drink","17",2,296228,285542,,"-99","-99",22,,1
"Dark Cream Soda","22",1,296798,284862,,"-99","-99",18,,1
"Birch Beer","20",2,297048,285542,,"-99","-99",23,,1
"Grapefruit juice","33",2,297491,285542,,"-99","-99",42,,1
"Orval Beer","42",0.33,297835,285357,,"-99","-99",27,,1
"Old Fashioned Root Beer","11",2,297897,285542,,"-99","-99",27,,1
"Dark Cream Soda","23",2,298367,285542,,"-99","-99",14,,1
"Dark Cream Soda","24",0.5,298368,285542,,"-99","-99",24,,1
"Vanilla Cream Soda","25",1,299077,285357,,"-99","-99",21,,1
"Diet Cream Soda","31",0.5,299151,285542,,"-99","-99",30,,1
"Vanilla Cream Soda","27",0.67,299583,285542,,"-99","-99",1,,1
"Diet Root Beer","15",0.5,300389,285357,,"-99","-99",10,,1
"Diet Root Beer","14",2,300456,285542,,"-99","-99",13,,1
"Vanilla Cream Soda","27",0.67,300522,285752,,"-99","-99",3,,1
"Energy drink","16",1,300866,285542,,"-99","-99",24,,1
"Orange juice","37",0.5,317954,289733,,"-99","-99",10,,1
"Old Fashioned Root Beer","12",0.5,320701,290182,,"-99","-99",18,,1
"Orval Beer","42",0.33,320929,289733,,"-99","-99",6,,1
"Orange juice","35",1,321119,290182,,"-99","-99",4,,1
"Diet Cream Soda","30",2,324193,290371,,"-99","-99",4,,1
"Dark Cream Soda","23",2,324363,289733,,"-99","-99",3,,1
"Diet energy drink","40",0.5,324535,290182,,"-99","-99",19,,1
"Energy drink","16",1,324611,290371,,"-99","-99",5,,1
"Old Fashioned Root Beer","10",1,325397,290371,,"-99","-99",3,,1
"Old Fashioned Root Beer","12",0.5,326517,291070,,"-99","-99",2,,1
"Diet energy drink","38",1,326518,291070,,"-99","-99",3,,1
"Orval Beer","42",0.33,326975,291070,,"-99","-99",8,,1
"Old Fashioned Root Beer","10",1,327513,291275,,"-99","-99",9,,1
"Birch Beer","20",2,328328,291275,,"-99","-99",26,,1
"Vanilla Cream Soda","27",0.67,328764,291275,,"-99","-99",16,,1
"Diet Root Beer","15",0.5,329193,291275,,"-99","-99",15,,1
"Dark Cream Soda","23",2,330392,291070,,"-99","-99",3,,1
"Diet energy drink","38",1,330474,291275,,"-99","-99",21,,1
"Dark Cream Soda","24",0.5,330920,291275,,"-99","-99",2,,1
"Diet Cream Soda","30",2,330921,291275,,"-99","-99",30,,1
"Birch Beer","21",0.5,331447,291700,,"-99","-99",7,,1
"Vanilla Cream Soda","27",0.67,331911,291700,,"-99","-99",3,,1
"Diet Cream Soda","31",0.5,335268,291700,,"-99","-99",4,,1
"Birch Beer","20",2,336484,292644,,"-99","-99",7,,1
"Grapefruit juice","33",2,339028,292644,,"-99","-99",1,,1
"Orange juice","35",1,341589,292644,,"-99","-99",6,,1
"Orange juice","37",0.5,346906,294791,,"-99","-99",2,,1
"Energy drink","16",1,346981,294987,,"-99","-99",4,,1
"Orange juice","36",2,347400,294987,,"-99","-99",11,,1
"Birch Beer","20",2,347849,294987,,"-99","-99",8,,1
"Vanilla Cream Soda","27",0.67,348273,294987,,"-99","-99",10,,1
"Diet energy drink","40",0.5,348274,294987,,"-99","-99",22,,1
"Orval Beer","42",0.33,348275,294987,,"-99","-99",30,,1
"Energy drink","17",2,348754,294987,,"-99","-99",10,,1
"Grapefruit juice","32",1,350365,294987,,"-99","-99",24,,1
"Energy drink","16",1,351376,295296,,"-99","-99",7,,1
"Diet energy drink","39",2,351652,294791,,"-99","-99",24,,1
"Energy drink","17",2,352272,295296,,"-99","-99",26,,1
"Diet energy drink","39",2,352987,294987,,"-99","-99",10,,1
"Old Fashioned Root Beer","12",0.5,353093,295266,,"-99","-99",7,,1
"Diet Root Beer","15",0.5,353094,295266,,"-99","-99",7,,1
"Diet Cream Soda","29",1,353109,295296,,"-99","-99",6,,1
"Birch Beer","20",2,353267,295727,,"-99","-99",9,,1
"Energy drink","17",2,354963,295727,,"-99","-99",7,,1
"Dark Cream Soda","23",2,355202,295296,,"-99","-99",15,,1
"Diet Cream Soda","31",0.5,355631,295266,,"-99","-99",4,,1
"Diet Root Beer","14",2,355803,295727,,"-99","-99",6,,1
"Diet Root Beer","15",0.5,356258,295727,,"-99","-99",10,,1
"Orval Beer","42",0.33,357086,295727,,"-99","-99",5,,1
"Dark Cream Soda","24",0.5,357193,295973,,"-99","-99",1,,1
"Dark Cream Soda","23",2,358435,295973,,"-99","-99",5,,1
"Diet Root Beer","14",2,373163,299058,,"-99","-99",2,,1
"Vanilla Cream Soda","26",2,374457,299058,,"-99","-99",20,,1
"Energy drink","16",1,377881,299058,,"-99","-99",1,,1
"Dark Cream Soda","24",0.5,377882,299058,,"-99","-99",6,,1
"Trappiste Beer","41",0.33,378686,300171,,"-99","-99",9,,1
"Vanilla Cream Soda","25",1,379932,300171,,"-99","-99",9,,1
"Birch Beer","19",1,383659,300896,,"-99","-99",29,,1
"Diet Cream Soda","29",1,383660,300896,,"-99","-99",20,,1
"Old Fashioned Root Beer","10",1,384027,300896,,"-99","-99",21,,1
"Diet energy drink","40",0.5,384218,300171,,"-99","-99",1,,1
"Energy drink","16",1,384901,300896,,"-99","-99",27,,1
"Vanilla Cream Soda","28",0.5,386589,300896,,"-99","-99",19,,1
"Trappiste Beer","41",0.33,388748,300896,,"-99","-99",10,,1
"Grapefruit juice","33",2,395431,302860,,"-99","-99",9,,1
"Vanilla Cream Soda","28",0.5,398395,302860,,"-99","-99",9,,1
"Diet Root Beer","14",2,398835,302860,,"-99","-99",8,,1
"Vanilla Cream Soda","27",0.67,401534,303368,,"-99","-99",9,,1
"Energy drink","18",0.5,402561,303706,,"-99","-99",23,,1
"Birch Beer","20",2,403415,303706,,"-99","-99",22,,1
"Orange juice","36",2,403416,303706,,"-99","-99",28,,1
"Diet Root Beer","14",2,404093,303368,,"-99","-99",5,,1
"Diet energy drink","40",0.5,404648,303706,,"-99","-99",17,,1
"Diet Root Beer","13",1,406384,303706,,"-99","-99",27,,1
"Diet Root Beer","15",0.5,408912,304929,,"-99","-99",4,,1
"Vanilla Cream Soda","26",2,409372,304929,,"-99","-99",8,,1
"Energy drink","17",2,418093,306558,,"-99","-99",2,,1
"Vanilla Cream Soda","27",0.67,419299,306558,,"-99","-99",2,,1
"Vanilla Cream Soda","25",1,422683,306558,,"-99","-99",8,,1
"Diet Root Beer","15",0.5,438403,309846,,"-99","-99",2,,1
"Vanilla Cream Soda","26",2,438829,309846,,"-99","-99",3,,1
"Diet energy drink","40",0.5,439357,310000,,"-99","-99",3,,1
"Diet energy drink","38",1,440544,309956,,"-99","-99",3,,1
"Energy drink","16",1,441630,310606,,"-99","-99",24,,1
"Dark Cream Soda","24",0.5,441631,310606,,"-99","-99",27,,1
"Vanilla Cream Soda","25",1,441785,309846,,"-99","-99",4,,1
"Orange juice","35",1,441786,309846,,"-99","-99",9,,1
"Birch Beer","21",0.5,442292,309956,,"-99","-99",8,,1
"Grapefruit juice","32",1,442293,309956,,"-99","-99",6,,1
"Dark Cream Soda","24",0.5,443551,310000,,"-99","-99",3,,1
"Diet energy drink","40",0.5,443761,310606,,"-99","-99",5,,1
"Diet energy drink","39",2,444632,310606,,"-99","-99",12,,1
"Old Fashioned Root Beer","11",2,445051,310606,,"-99","-99",24,,1
"Diet Root Beer","13",1,445910,310606,,"-99","-99",25,,1
"Vanilla Cream Soda","28",0.5,445911,310606,,"-99","-99",30,,1
"Energy drink","17",2,451151,312100,,"-99","-99",23,,1
"Dark Cream Soda","23",2,452044,312327,,"-99","-99",6,,1
"Vanilla Cream Soda","25",1,452045,312327,,"-99","-99",5,,1
"Diet energy drink","38",1,452046,312327,,"-99","-99",4,,1
"Energy drink","16",1,452402,312100,,"-99","-99",30,,1
"Energy drink","18",0.5,453773,312327,,"-99","-99",6,,1
"Dark Cream Soda","24",0.5,454129,312100,,"-99","-99",12,,1
"Vanilla Cream Soda","26",2,455777,312100,,"-99","-99",6,,1
"Orange juice","35",1,455822,312209,,"-99","-99",2,,1
"Diet Cream Soda","29",1,456243,312209,,"-99","-99",3,,1
"Orval Beer","42",0.33,456359,312478,,"-99","-99",6,,1
"Trappiste Beer","41",0.33,457137,312209,,"-99","-99",8,,1
"Diet Root Beer","13",1,457611,312327,,"-99","-99",10,,1
"Old Fashioned Root Beer","10",1,458467,312478,,"-99","-99",3,,1
"Birch Beer","21",0.5,458896,312478,,"-99","-99",11,,1
"Energy drink","17",2,459754,313600,,"-99","-99",9,,1
"Birch Beer","21",0.5,461052,313600,,"-99","-99",14,,1
"Orange juice","35",1,461053,313600,,"-99","-99",21,,1
"Diet Root Beer","13",1,461467,313600,,"-99","-99",30,,1
"Vanilla Cream Soda","28",0.5,461907,313600,,"-99","-99",22,,1
"Orange juice","36",2,462395,313848,,"-99","-99",4,,1
"Old Fashioned Root Beer","10",1,463126,313600,,"-99","-99",36,,1
"Diet Cream Soda","30",2,463582,313600,,"-99","-99",5,,1
"Diet Cream Soda","31",0.5,463583,313600,,"-99","-99",28,,1
"Diet Cream Soda","29",1,463673,313848,,"-99","-99",6,,1
"Birch Beer","19",1,464455,313600,,"-99","-99",16,,1
"Vanilla Cream Soda","25",1,464456,313600,,"-99","-99",24,,1
"Diet energy drink","40",0.5,465765,313848,,"-99","-99",4,,1
"Vanilla Cream Soda","28",0.5,467105,313848,,"-99","-99",7,,1
"Orange juice","35",1,467865,314819,,"-99","-99",2,,1
"Diet Root Beer","13",1,470580,315304,,"-99","-99",10,,1
"Diet energy drink","38",1,470581,315304,,"-99","-99",7,,1
"Diet energy drink","39",2,470866,314819,,"-99","-99",3,,1
"Dark Cream Soda","23",2,471057,315304,,"-99","-99",18,,1
"Trappiste Beer","41",0.33,471058,315304,,"-99","-99",30,,1
"Vanilla Cream Soda","28",0.5,471267,314819,,"-99","-99",4,,1
"Birch Beer","19",1,471865,315304,,"-99","-99",5,,1
"Grapefruit juice","34",0.5,471866,315304,,"-99","-99",31,,1
"Birch Beer","20",2,472733,315304,,"-99","-99",10,,1
"Vanilla Cream Soda","28",0.5,473821,315942,,"-99","-99",7,,1
"Old Fashioned Root Beer","12",0.5,474848,315304,,"-99","-99",10,,1
"Birch Beer","20",2,475091,315942,,"-99","-99",9,,1
"Old Fashioned Root Beer","10",1,475719,315304,,"-99","-99",4,,1
"Diet Cream Soda","31",0.5,476574,315304,,"-99","-99",19,,1
"Diet Root Beer","14",2,479352,315942,,"-99","-99",3,,1
"Diet energy drink","39",2,479761,315942,,"-99","-99",10,,1
"Diet Root Beer","14",2,480966,316738,,"-99","-99",2,,1
"Birch Beer","20",2,481784,316738,,"-99","-99",2,,1
"Orange juice","36",2,482203,316738,,"-99","-99",3,,1
"Grapefruit juice","33",2,482625,316738,,"-99","-99",1,,1
"Dark Cream Soda","24",0.5,484641,317737,,"-99","-99",17,,1
"Old Fashioned Root Beer","11",2,485522,317737,,"-99","-99",10,,1
"Vanilla Cream Soda","28",0.5,485523,317737,,"-99","-99",3,,1
"Birch Beer","19",1,487248,317737,,"-99","-99",45,,1
"Dark Cream Soda","22",1,487249,317737,,"-99","-99",2,,1
"Grapefruit juice","34",0.5,488503,317737,,"-99","-99",19,,1
"Diet Root Beer","15",0.5,488966,317737,,"-99","-99",20,,1
"Energy drink","16",1,489012,317859,,"-99","-99",9,,1
"Energy drink","17",2,489013,317859,,"-99","-99",7,,1
"Old Fashioned Root Beer","10",1,489408,317737,,"-99","-99",19,,1
"Grapefruit juice","34",0.5,495484,319445,,"-99","-99",1,,1
"Diet energy drink","39",2,495491,319474,,"-99","-99",3,,1
"Diet Cream Soda","29",1,497298,319445,,"-99","-99",17,,1
"Diet energy drink","38",1,497299,319445,,"-99","-99",4,,1
"Diet Root Beer","13",1,498896,319445,,"-99","-99",27,,1
"Vanilla Cream Soda","28",0.5,499369,319445,,"-99","-99",38,,1
"Grapefruit juice","33",2,501925,319445,,"-99","-99",27,,1
"Vanilla Cream Soda","28",0.5,509922,321574,,"-99","-99",4,,1
"Vanilla Cream Soda","25",1,510062,321964,,"-99","-99",4,,1
"Vanilla Cream Soda","26",2,510444,321964,,"-99","-99",28,,1
"Grapefruit juice","33",2,511805,321964,,"-99","-99",10,,1
"Diet Cream Soda","31",0.5,512245,321964,,"-99","-99",9,,1
"Orange juice","36",2,514724,321964,,"-99","-99",10,,1
"Orange juice","35",1,515589,321964,,"-99","-99",26,,1
"Diet Cream Soda","30",2,518098,323130,,"-99","-99",4,,1
"Vanilla Cream Soda","28",0.5,519468,323130,,"-99","-99",6,,1
"Diet Cream Soda","31",0.5,519469,323130,,"-99","-99",1,,1
"Energy drink","18",0.5,521901,323130,,"-99","-99",4,,1
"Energy drink","16",1,522372,323130,,"-99","-99",2,,1
"Energy drink","17",2,524939,324337,,"-99","-99",8,,1
"Diet energy drink","40",0.5,527113,324337,,"-99","-99",6,,1
"Diet energy drink","40",0.5,527921,324359,,"-99","-99",2,,1
"Orange juice","35",1,530039,324359,,"-99","-99",9,,1
"Orange juice","37",0.5,530486,324359,,"-99","-99",3,,1
"Diet Root Beer","13",1,531379,324359,,"-99","-99",2,,1
"Vanilla Cream Soda","27",0.67,578359,333080,,"-99","-99",6,,1
"Trappiste Beer","41",0.33,578789,333080,,"-99","-99",18,,1
"Old Fashioned Root Beer","10",1,579678,333080,,"-99","-99",21,,1
"Grapefruit juice","34",0.5,583018,333080,,"-99","-99",15,,1
"Energy drink","18",0.5,587534,334865,,"-99","-99",29,,1
"Dark Cream Soda","22",1,587912,334730,,"-99","-99",26,,1
"Diet energy drink","38",1,589245,334865,,"-99","-99",30,,1
"Diet Root Beer","15",0.5,590079,334865,,"-99","-99",12,,1
"Orange juice","35",1,590080,334865,,"-99","-99",16,,1
"Diet energy drink","39",2,590892,334865,,"-99","-99",9,,1
"Orval Beer","42",0.33,591271,334730,,"-99","-99",20,,1
"Birch Beer","20",2,591329,334865,,"-99","-99",5,,1
"Orange juice","37",0.5,593038,334865,,"-99","-99",17,,1
"Old Fashioned Root Beer","12",0.5,593486,334865,,"-99","-99",16,,1
"Orange juice","35",1,599192,336564,,"-99","-99",3,,1
"Vanilla Cream Soda","28",0.5,599660,336564,,"-99","-99",10,,1
"Diet energy drink","38",1,600039,336564,,"-99","-99",29,,1
"Grapefruit juice","32",1,600263,335972,,"-99","-99",5,,1
"Diet Root Beer","13",1,600700,335972,,"-99","-99",1,,1
"Old Fashioned Root Beer","11",2,601339,336564,,"-99","-99",25,,1
"Diet Root Beer","14",2,602196,336564,,"-99","-99",18,,1
"Grapefruit juice","33",2,605496,337488,,"-99","-99",9,,1
"Birch Beer","19",1,606984,338080,,"-99","-99",17,,1
"Vanilla Cream Soda","26",2,606985,338080,,"-99","-99",6,,1
"Energy drink","17",2,607312,337839,,"-99","-99",3,,1
"Trappiste Beer","41",0.33,608030,337488,,"-99","-99",9,,1
"Diet energy drink","40",0.5,608238,338080,,"-99","-99",33,,1
"Orange juice","35",1,609568,338080,,"-99","-99",5,,1
"Dark Cream Soda","23",2,609996,338080,,"-99","-99",11,,1
"Vanilla Cream Soda","25",1,609997,338080,,"-99","-99",3,,1
"Orange juice","36",2,610399,338080,,"-99","-99",26,,1
"Diet Root Beer","14",2,611433,338494,,"-99","-99",28,,1
"Diet Cream Soda","31",0.5,611563,337839,,"-99","-99",10,,1
"Grapefruit juice","33",2,611642,338080,,"-99","-99",14,,1
"Orval Beer","42",0.33,611643,338080,,"-99","-99",15,,1
"Energy drink","18",0.5,612074,338080,,"-99","-99",11,,1
"Diet Root Beer","13",1,612524,338080,,"-99","-99",5,,1
"Diet Root Beer","15",0.5,612525,338080,,"-99","-99",15,,1
"Diet energy drink","39",2,612526,338080,,"-99","-99",7,,1
"Trappiste Beer","41",0.33,612945,338080,,"-99","-99",15,,1
"Diet Cream Soda","30",2,613369,338080,,"-99","-99",19,,1
"Old Fashioned Root Beer","11",2,614785,338494,,"-99","-99",25,,1
"Dark Cream Soda","24",0.5,619215,340007,,"-99","-99",2,,1
"Grapefruit juice","32",1,619216,340007,,"-99","-99",3,,1
"Orval Beer","42",0.33,619217,340007,,"-99","-99",4,,1
"Diet Root Beer","13",1,619576,340007,,"-99","-99",28,,1
"Old Fashioned Root Beer","12",0.5,619584,340046,,"-99","-99",4,,1
"Dark Cream Soda","24",0.5,620081,340046,,"-99","-99",9,,1
"Birch Beer","19",1,621958,340555,,"-99","-99",10,,1
"Orange juice","37",0.5,622757,340555,,"-99","-99",9,,1
"Old Fashioned Root Beer","11",2,622788,340637,,"-99","-99",1,,1
"Diet Cream Soda","30",2,623008,340046,,"-99","-99",10,,1
"Birch Beer","21",0.5,623641,340555,,"-99","-99",24,,1
"Diet Cream Soda","29",1,623679,340637,,"-99","-99",9,,1
"Old Fashioned Root Beer","11",2,623899,340046,,"-99","-99",2,,1
"Energy drink","17",2,624470,340555,,"-99","-99",5,,1
"Vanilla Cream Soda","25",1,624949,340555,,"-99","-99",6,,1
"Dark Cream Soda","23",2,625207,340007,,"-99","-99",10,,1
"Diet energy drink","39",2,625596,340007,,"-99","-99",4,,1
"Vanilla Cream Soda","27",0.67,625795,340555,,"-99","-99",21,,1
"Diet energy drink","38",1,625796,340555,,"-99","-99",2,,1
"Grapefruit juice","32",1,626200,340555,,"-99","-99",22,,1
"Orange juice","35",1,626201,340555,,"-99","-99",30,,1
"Dark Cream Soda","23",2,628338,340637,,"-99","-99",5,,1
"Dark Cream Soda","22",1,628723,341675,,"-99","-99",1,,1
"Birch Beer","21",0.5,628787,340637,,"-99","-99",9,,1
"Diet Root Beer","15",0.5,630406,341675,,"-99","-99",10,,1
"Orange juice","36",2,634700,341675,,"-99","-99",1,,1
"Birch Beer","20",2,635670,342051,,"-99","-99",2,,1
"Old Fashioned Root Beer","12",0.5,636495,342051,,"-99","-99",6,,1
"Dark Cream Soda","24",0.5,638415,342536,,"-99","-99",6,,1
"Grapefruit juice","32",1,638853,342536,,"-99","-99",9,,1
"Diet energy drink","39",2,638854,342536,,"-99","-99",4,,1
"Vanilla Cream Soda","27",0.67,640114,342536,,"-99","-99",5,,1
"Orval Beer","42",0.33,640115,342536,,"-99","-99",1,,1
"Orval Beer","42",0.33,642309,343999,,"-99","-99",20,,1
"Energy drink","17",2,642783,343999,,"-99","-99",18,,1
"Energy drink","18",0.5,642784,343999,,"-99","-99",10,,1
"Grapefruit juice","34",0.5,642785,343999,,"-99","-99",19,,1
"Birch Beer","19",1,643647,343999,,"-99","-99",30,,1
"Old Fashioned Root Beer","10",1,644053,343999,,"-99","-99",4,,1
"Diet energy drink","39",2,644551,344185,,"-99","-99",2,,1
"Orange juice","37",0.5,644890,343999,,"-99","-99",5,,1
"Orange juice","35",1,645767,343999,,"-99","-99",30,,1
"Diet Root Beer","14",2,647086,343999,,"-99","-99",20,,1
"Dark Cream Soda","24",0.5,647144,344185,,"-99","-99",7,,1
"Diet energy drink","39",2,647866,343999,,"-99","-99",10,,1
"Vanilla Cream Soda","25",1,648322,343999,,"-99","-99",21,,1
"Birch Beer","19",1,648790,344185,,"-99","-99",3,,1
"Orange juice","36",2,649603,344185,,"-99","-99",10,,1
"Energy drink","16",1,653554,345454,,"-99","-99",2,,1
"Old Fashioned Root Beer","12",0.5,657115,346215,,"-99","-99",4,,1
"Orange juice","36",2,657757,345454,,"-99","-99",8,,1
"Dark Cream Soda","23",2,658057,346215,,"-99","-99",33,,1
"Birch Beer","19",1,658511,346215,,"-99","-99",16,,1
"Diet energy drink","38",1,658916,346215,,"-99","-99",9,,1
"Grapefruit juice","32",1,659330,346215,,"-99","-99",26,,1
"Energy drink","16",1,660191,346215,,"-99","-99",13,,1
"Diet Cream Soda","30",2,660192,346215,,"-99","-99",20,,1
"Grapefruit juice","34",0.5,661849,346215,,"-99","-99",8,,1
"Dark Cream Soda","23",2,662469,346731,,"-99","-99",5,,1
"Vanilla Cream Soda","27",0.67,665466,346731,,"-99","-99",4,,1
"Diet Cream Soda","29",1,666637,347623,,"-99","-99",43,,1
"Dark Cream Soda","24",0.5,667070,347623,,"-99","-99",10,,1
"Grapefruit juice","34",0.5,667071,347623,,"-99","-99",37,,1
"Orval Beer","42",0.33,667072,347623,,"-99","-99",23,,1
"Diet Cream Soda","30",2,667927,347623,,"-99","-99",16,,1
"Birch Beer","20",2,668366,347623,,"-99","-99",23,,1
"Old Fashioned Root Beer","10",1,668613,348316,,"-99","-99",19,,1
"Vanilla Cream Soda","28",0.5,669195,347623,,"-99","-99",6,,1
"Diet Cream Soda","30",2,669903,348316,,"-99","-99",9,,1
"Dark Cream Soda","22",1,670474,347623,,"-99","-99",16,,1
"Energy drink","17",2,671165,348316,,"-99","-99",23,,1
"Dark Cream Soda","24",0.5,671570,348316,,"-99","-99",19,,1
"Vanilla Cream Soda","27",0.67,672409,348316,,"-99","-99",16,,1
"Birch Beer","21",0.5,673123,349100,,"-99","-99",23,,1
"Diet Cream Soda","29",1,673401,348620,,"-99","-99",3,,1
"Orange juice","35",1,674264,348620,,"-99","-99",5,,1
"Old Fashioned Root Beer","12",0.5,674578,348316,,"-99","-99",24,,1
"Diet energy drink","38",1,676282,349393,,"-99","-99",4,,1
"Grapefruit juice","34",0.5,676553,349100,,"-99","-99",7,,1
"Diet Root Beer","13",1,678395,349393,,"-99","-99",8,,1
"Orange juice","36",2,682309,349705,,"-99","-99",13,,1
"Vanilla Cream Soda","27",0.67,683149,349705,,"-99","-99",5,,1
"Diet Root Beer","14",2,691695,352045,,"-99","-99",8,,1
"Dark Cream Soda","22",1,692124,352034,,"-99","-99",6,,1
"Dark Cream Soda","23",2,692557,352034,,"-99","-99",20,,1
"Orange juice","37",0.5,692558,352034,,"-99","-99",2,,1
"Energy drink","17",2,693965,352521,,"-99","-99",8,,1
"Vanilla Cream Soda","26",2,695461,352034,,"-99","-99",25,,1
"Diet energy drink","40",0.5,695900,352045,,"-99","-99",2,,1
"Grapefruit juice","34",0.5,696058,352521,,"-99","-99",11,,1
"Orval Beer","42",0.33,696326,352045,,"-99","-99",1,,1
"Orange juice","36",2,696940,352521,,"-99","-99",25,,1
"Diet energy drink","39",2,697175,352034,,"-99","-99",2,,1
"Dark Cream Soda","23",2,697180,352045,,"-99","-99",6,,1
"Diet Root Beer","15",0.5,698421,353111,,"-99","-99",3,,1
"Orange juice","37",0.5,698636,352521,,"-99","-99",20,,1
"Birch Beer","19",1,699302,353111,,"-99","-99",22,,1
"Old Fashioned Root Beer","10",1,699539,352521,,"-99","-99",18,,1
"Grapefruit juice","32",1,699540,352521,,"-99","-99",12,,1
"Diet energy drink","40",0.5,699938,352521,,"-99","-99",23,,1
"Vanilla Cream Soda","26",2,710181,355058,,"-99","-99",5,,1
"Vanilla Cream Soda","27",0.67,711111,355385,,"-99","-99",7,,1
"Old Fashioned Root Beer","11",2,711478,355058,,"-99","-99",23,,1
"Vanilla Cream Soda","27",0.67,711479,355058,,"-99","-99",20,,1
"Orval Beer","42",0.33,711480,355058,,"-99","-99",12,,1
"Birch Beer","21",0.5,711661,355578,,"-99","-99",20,,1
"Diet Root Beer","15",0.5,712005,355385,,"-99","-99",6,,1
"Diet Root Beer","14",2,713204,355058,,"-99","-99",9,,1
"Energy drink","17",2,713419,355578,,"-99","-99",13,,1
"Old Fashioned Root Beer","12",0.5,713655,355058,,"-99","-99",29,,1
"Diet energy drink","39",2,714549,355058,,"-99","-99",19,,1
"Trappiste Beer","41",0.33,714735,355578,,"-99","-99",9,,1
"Diet Root Beer","14",2,714954,355385,,"-99","-99",2,,1
"Orange juice","35",1,722287,356849,,"-99","-99",4,,1
"Diet Root Beer","14",2,724876,356849,,"-99","-99",3,,1
"Diet Cream Soda","29",1,739546,359838,,"-99","-99",6,,1
"Orange juice","36",2,740461,359838,,"-99","-99",6,,1
"Diet energy drink","40",0.5,740886,359838,,"-99","-99",10,,1
"Energy drink","18",0.5,750139,361847,,"-99","-99",6,,1
"Birch Beer","20",2,750140,361847,,"-99","-99",24,,1
"Old Fashioned Root Beer","11",2,750579,361847,,"-99","-99",3,,1
"Diet energy drink","40",0.5,751035,361828,,"-99","-99",10,,1
"Dark Cream Soda","24",0.5,751039,361847,,"-99","-99",23,,1
"Orval Beer","42",0.33,751389,361847,,"-99","-99",29,,1
"Birch Beer","19",1,751794,361847,,"-99","-99",30,,1
"Trappiste Beer","41",0.33,751795,361847,,"-99","-99",20,,1
"Vanilla Cream Soda","26",2,752182,361828,,"-99","-99",5,,1
"Diet Root Beer","14",2,753016,361847,,"-99","-99",3,,1
"Diet Root Beer","15",0.5,753459,361847,,"-99","-99",21,,1
"Vanilla Cream Soda","28",0.5,753915,361847,,"-99","-99",22,,1
"Diet energy drink","38",1,753916,361847,,"-99","-99",30,,1
"Diet Cream Soda","29",1,755181,361847,,"-99","-99",17,,1
"Dark Cream Soda","22",1,755644,361847,,"-99","-99",4,,1
"Old Fashioned Root Beer","11",2,758757,363332,,"-99","-99",8,,1
"Diet Cream Soda","31",0.5,758758,363332,,"-99","-99",17,,1
"Grapefruit juice","33",2,758759,363332,,"-99","-99",20,,1
"Energy drink","17",2,759110,363332,,"-99","-99",18,,1
"Diet Root Beer","15",0.5,759503,363242,,"-99","-99",14,,1
"Diet Cream Soda","30",2,759504,363242,,"-99","-99",30,,1
"Old Fashioned Root Beer","11",2,759926,363242,,"-99","-99",3,,1
"Diet energy drink","39",2,760323,363242,,"-99","-99",26,,1
"Vanilla Cream Soda","26",2,761255,363332,,"-99","-99",23,,1
"Vanilla Cream Soda","28",0.5,761642,363242,,"-99","-99",7,,1
"Energy drink","18",0.5,762096,363242,,"-99","-99",23,,1
"Vanilla Cream Soda","27",0.67,762523,363242,,"-99","-99",7,,1
"Diet Root Beer","13",1,763885,363332,,"-99","-99",2,,1
"Orval Beer","42",0.33,764691,363242,,"-99","-99",30,,1
"Birch Beer","21",0.5,765140,363242,,"-99","-99",7,,1
"Dark Cream Soda","24",0.5,765141,363242,,"-99","-99",1,,1
"Orange juice","36",2,765142,363242,,"-99","-99",18,,1
"Diet Cream Soda","30",2,765182,363332,,"-99","-99",19,,1
"Vanilla Cream Soda","26",2,776869,367125,,"-99","-99",8,,1
"Dark Cream Soda","22",1,777326,367125,,"-99","-99",21,,1
"Orval Beer","42",0.33,778253,367125,,"-99","-99",19,,1
"Orange juice","37",0.5,779099,367125,,"-99","-99",26,,1
"Trappiste Beer","41",0.33,780694,367125,,"-99","-99",10,,1
"Orange juice","37",0.5,782182,367767,,"-99","-99",8,,1
"Grapefruit juice","33",2,782808,367125,,"-99","-99",25,,1
"Energy drink","17",2,783262,367125,,"-99","-99",14,,1
"Old Fashioned Root Beer","11",2,783924,367767,,"-99","-99",4,,1
"Orval Beer","42",0.33,784821,367767,,"-99","-99",3,,1
"Vanilla Cream Soda","28",0.5,785401,368114,,"-99","-99",2,,1
"Diet Cream Soda","29",1,785402,368114,,"-99","-99",11,,1
"Diet Cream Soda","29",1,785718,367767,,"-99","-99",1,,1
"Birch Beer","20",2,787169,368114,,"-99","-99",46,,1
"Diet Root Beer","15",0.5,788906,368552,,"-99","-99",3,,1
"Dark Cream Soda","22",1,790617,368552,,"-99","-99",8,,1
"Vanilla Cream Soda","28",0.5,793680,368552,,"-99","-99",1,,1
"Birch Beer","21",0.5,797223,370507,,"-99","-99",22,,1
"Diet Root Beer","14",2,800739,370507,,"-99","-99",19,,1
"Diet Root Beer","14",2,801806,371237,,"-99","-99",23,,1
"Dark Cream Soda","23",2,801807,371237,,"-99","-99",13,,1
"Trappiste Beer","41",0.33,802349,370507,,"-99","-99",8,,1
"Diet Cream Soda","31",0.5,802475,371087,,"-99","-99",12,,1
"Grapefruit juice","32",1,802476,371087,,"-99","-99",33,,1
"Diet Root Beer","15",0.5,802962,371237,,"-99","-99",29,,1
"Diet energy drink","40",0.5,803027,371406,,"-99","-99",2,,1
"Vanilla Cream Soda","26",2,804253,371237,,"-99","-99",21,,1
"Orange juice","35",1,804684,371237,,"-99","-99",4,,1
"Energy drink","16",1,805558,371237,,"-99","-99",29,,1
"Dark Cream Soda","22",1,805559,371237,,"-99","-99",28,,1
"Orange juice","36",2,805560,371237,,"-99","-99",1,,1
"Vanilla Cream Soda","28",0.5,806423,371237,,"-99","-99",19,,1
"Diet energy drink","38",1,806424,371237,,"-99","-99",21,,1
"Old Fashioned Root Beer","11",2,806879,371237,,"-99","-99",17,,1
"Trappiste Beer","41",0.33,807739,371237,,"-99","-99",23,,1
"Diet energy drink","39",2,812192,373238,,"-99","-99",16,,1
"Old Fashioned Root Beer","10",1,813121,373238,,"-99","-99",3,,1
"Vanilla Cream Soda","27",0.67,814422,373238,,"-99","-99",8,,1
"Diet Root Beer","13",1,815287,373238,,"-99","-99",15,,1
"Diet Root Beer","14",2,815288,373238,,"-99","-99",6,,1
"Grapefruit juice","32",1,816533,373238,,"-99","-99",7,,1
"Dark Cream Soda","24",0.5,817733,373238,,"-99","-99",13,,1
"Vanilla Cream Soda","28",0.5,818765,373797,,"-99","-99",10,,1
"Birch Beer","20",2,823088,374805,,"-99","-99",3,,1
"Orange juice","37",0.5,823089,374805,,"-99","-99",9,,1
"Energy drink","16",1,827025,375202,,"-99","-99",1,,1
"Dark Cream Soda","23",2,827123,375443,,"-99","-99",3,,1
"Grapefruit juice","32",1,827949,375443,,"-99","-99",6,,1
"Grapefruit juice","34",0.5,828831,375443,,"-99","-99",12,,1
"Energy drink","18",0.5,829393,375606,,"-99","-99",8,,1
"Grapefruit juice","33",2,829745,375443,,"-99","-99",31,,1
"Diet Root Beer","14",2,830145,375443,,"-99","-99",20,,1
"Diet Root Beer","14",2,830846,375202,,"-99","-99",5,,1
"Orange juice","37",0.5,831182,376086,,"-99","-99",13,,1
"Vanilla Cream Soda","25",1,831320,375443,,"-99","-99",6,,1
"Dark Cream Soda","23",2,831384,375606,,"-99","-99",10,,1
"Vanilla Cream Soda","26",2,832455,376258,,"-99","-99",5,,1
"Diet Cream Soda","30",2,833704,376086,,"-99","-99",19,,1
"Diet energy drink","40",0.5,833705,376086,,"-99","-99",21,,1
"Energy drink","18",0.5,833775,376258,,"-99","-99",1,,1
"Old Fashioned Root Beer","11",2,833828,376430,,"-99","-99",5,,1
"Trappiste Beer","41",0.33,834633,376258,,"-99","-99",6,,1
"Vanilla Cream Soda","25",1,835518,376258,,"-99","-99",7,,1
"Trappiste Beer","41",0.33,835577,376430,,"-99","-99",10,,1
"Diet energy drink","39",2,836323,376086,,"-99","-99",3,,1
"Diet Cream Soda","31",0.5,836384,376258,,"-99","-99",9,,1
"Trappiste Beer","41",0.33,840753,377900,,"-99","-99",16,,1
"Diet Cream Soda","31",0.5,842045,377900,,"-99","-99",25,,1
"Energy drink","16",1,842505,377900,,"-99","-99",15,,1
"Old Fashioned Root Beer","10",1,842931,377900,,"-99","-99",23,,1
"Vanilla Cream Soda","26",2,842932,377900,,"-99","-99",16,,1
"Diet energy drink","39",2,842933,377900,,"-99","-99",14,,1
"Energy drink","18",0.5,843336,377900,,"-99","-99",6,,1
"Vanilla Cream Soda","25",1,843802,377900,,"-99","-99",4,,1
"Grapefruit juice","32",1,844627,377900,,"-99","-99",11,,1
"Diet Root Beer","14",2,847692,378320,,"-99","-99",28,,1
"Diet energy drink","39",2,849328,379288,,"-99","-99",8,,1
"Dark Cream Soda","23",2,849874,378320,,"-99","-99",20,,1
"Diet Root Beer","14",2,851880,379168,,"-99","-99",8,,1
"Diet Root Beer","15",0.5,852671,379168,,"-99","-99",7,,1
"Diet energy drink","40",0.5,853128,379168,,"-99","-99",4,,1
"Trappiste Beer","41",0.33,855322,379288,,"-99","-99",2,,1
"Orange juice","35",1,857047,380488,,"-99","-99",20,,1
"Dark Cream Soda","22",1,857468,380488,,"-99","-99",10,,1
"Trappiste Beer","41",0.33,857930,380488,,"-99","-99",30,,1
"Energy drink","16",1,858394,380488,,"-99","-99",19,,1
"Energy drink","17",2,858395,380488,,"-99","-99",16,,1
"Birch Beer","21",0.5,858782,380488,,"-99","-99",26,,1
"Dark Cream Soda","23",2,858783,380488,,"-99","-99",20,,1
"Energy drink","18",0.5,860403,380488,,"-99","-99",29,,1
"Diet Cream Soda","30",2,860404,380488,,"-99","-99",45,,1
"Grapefruit juice","32",1,860405,380488,,"-99","-99",30,,1
"Orange juice","37",0.5,860406,380488,,"-99","-99",28,,1
"Old Fashioned Root Beer","11",2,862129,380488,,"-99","-99",2,,1
"Diet Cream Soda","31",0.5,862130,380488,,"-99","-99",29,,1
"Grapefruit juice","34",0.5,862131,380488,,"-99","-99",1,,1
"Diet energy drink","40",0.5,862575,380488,,"-99","-99",8,,1
"Vanilla Cream Soda","28",0.5,873204,382906,,"-99","-99",6,,1
"Orange juice","35",1,873664,382906,,"-99","-99",10,,1
"Energy drink","16",1,874931,382906,,"-99","-99",7,,1
"Old Fashioned Root Beer","11",2,876191,382906,,"-99","-99",10,,1
"Vanilla Cream Soda","27",0.67,881528,384563,,"-99","-99",44,,1
"Diet energy drink","38",1,883184,384563,,"-99","-99",6,,1
"Diet Root Beer","14",2,884486,384563,,"-99","-99",25,,1
"Old Fashioned Root Beer","12",0.5,886216,384563,,"-99","-99",7,,1
"Dark Cream Soda","22",1,892842,419528,,"-99","-99",9,,1
"Vanilla Cream Soda","25",1,893737,419528,,"-99","-99",5,,1
"Energy drink","16",1,896431,420103,,"-99","-99",1,,1
"Vanilla Cream Soda","26",2,897707,420103,,"-99","-99",16,,1
"Diet Root Beer","13",1,899407,420103,,"-99","-99",49,,1
"Old Fashioned Root Beer","10",1,901981,420103,,"-99","-99",15,,1
"Diet energy drink","40",0.5,902399,420103,,"-99","-99",24,,1
"Orange juice","37",0.5,905268,421013,,"-99","-99",4,,1
"Grapefruit juice","32",1,908012,421541,,"-99","-99",9,,1
"Birch Beer","20",2,910565,421541,,"-99","-99",6,,1
"Old Fashioned Root Beer","12",0.5,924515,429904,,"-99","-99",52,,1
"Birch Beer","19",1,924516,429904,,"-99","-99",23,,1
"Diet energy drink","39",2,924517,429904,,"-99","-99",9,,1
"Trappiste Beer","41",0.33,924518,429904,,"-99","-99",25,,1
"Birch Beer","20",2,925428,429904,,"-99","-99",18,,1
"Energy drink","17",2,925911,429904,,"-99","-99",10,,1
"Dark Cream Soda","24",0.5,927967,429904,,"-99","-99",18,,1
"Energy drink","16",1,928806,430051,,"-99","-99",7,,1
"Diet energy drink","38",1,929538,430800,,"-99","-99",6,,1
"Energy drink","18",0.5,930030,429904,,"-99","-99",3,,1
"Diet Root Beer","14",2,930933,429904,,"-99","-99",20,,1
"Diet Root Beer","15",0.5,930934,429904,,"-99","-99",25,,1
"Grapefruit juice","34",0.5,931658,430800,,"-99","-99",2,,1
"Orange juice","37",0.5,933004,430800,,"-99","-99",8,,1
"Energy drink","16",1,933183,430196,,"-99","-99",1,,1
"Orval Beer","42",0.33,933734,430800,,"-99","-99",7,,1
"Diet Root Beer","13",1,934186,430800,,"-99","-99",7,,1
"Old Fashioned Root Beer","11",2,935713,431270,,"-99","-99",1,,1
"Diet Cream Soda","29",1,937360,431270,,"-99","-99",8,,1
"Diet energy drink","39",2,937682,432145,,"-99","-99",30,,1
"Diet energy drink","40",0.5,940413,432314,,"-99","-99",10,,1
"Vanilla Cream Soda","26",2,940742,432145,,"-99","-99",15,,1
"Diet energy drink","40",0.5,940743,432145,,"-99","-99",44,,1
"Grapefruit juice","32",1,941087,432145,,"-99","-99",3,,1
"Energy drink","16",1,941308,432749,,"-99","-99",2,,1
"Birch Beer","19",1,941309,432749,,"-99","-99",9,,1
"Vanilla Cream Soda","25",1,941310,432749,,"-99","-99",1,,1
"Dark Cream Soda","22",1,941409,431885,,"-99","-99",4,,1
"Old Fashioned Root Beer","11",2,941494,432145,,"-99","-99",14,,1
"Grapefruit juice","33",2,941945,432145,,"-99","-99",22,,1
"Diet Root Beer","15",0.5,942746,431885,,"-99","-99",8,,1
"Birch Beer","19",1,943185,432145,,"-99","-99",37,,1
"Old Fashioned Root Beer","10",1,943399,432698,,"-99","-99",28,,1
"Diet energy drink","38",1,943804,432698,,"-99","-99",2,,1
"Old Fashioned Root Beer","11",2,944246,432698,,"-99","-99",28,,1
"Diet Root Beer","13",1,944655,432698,,"-99","-99",28,,1
"Diet Cream Soda","31",0.5,944656,432698,,"-99","-99",25,,1
"Diet Root Beer","14",2,944710,432865,,"-99","-99",2,,1
"Birch Beer","21",0.5,945978,432698,,"-99","-99",18,,1
"Diet energy drink","40",0.5,946043,432865,,"-99","-99",6,,1
"Vanilla Cream Soda","28",0.5,946442,432698,,"-99","-99",22,,1
"Trappiste Beer","41",0.33,947815,432865,,"-99","-99",8,,1
"Energy drink","17",2,948276,433228,,"-99","-99",1,,1
"Diet energy drink","38",1,948277,433228,,"-99","-99",19,,1
"Dark Cream Soda","22",1,950398,433228,,"-99","-99",11,,1
"Diet Cream Soda","29",1,961688,435970,,"-99","-99",5,,1
"Energy drink","17",2,962880,435970,,"-99","-99",2,,1
"Diet Root Beer","13",1,966306,435970,,"-99","-99",3,,1
"Birch Beer","19",1,966307,435970,,"-99","-99",5,,1
"Diet Cream Soda","30",2,973458,438126,,"-99","-99",8,,1
"Dark Cream Soda","23",2,974348,438126,,"-99","-99",8,,1
"Grapefruit juice","32",1,977928,438637,,"-99","-99",5,,1
"Dark Cream Soda","24",0.5,978367,438637,,"-99","-99",4,,1
"Dark Cream Soda","22",1,979406,438126,,"-99","-99",9,,1
"Old Fashioned Root Beer","10",1,980223,439100,,"-99","-99",33,,1
"Energy drink","16",1,980389,438471,,"-99","-99",10,,1
"Grapefruit juice","33",2,980390,438471,,"-99","-99",7,,1
"Diet energy drink","39",2,982630,438637,,"-99","-99",5,,1
"Orval Beer","42",0.33,983255,439100,,"-99","-99",26,,1
"Vanilla Cream Soda","28",0.5,984122,439100,,"-99","-99",24,,1
"Grapefruit juice","33",2,984507,439100,,"-99","-99",2,,1
"Orange juice","36",2,984508,439100,,"-99","-99",33,,1
"Old Fashioned Root Beer","11",2,987453,440261,,"-99","-99",10,,1
"Energy drink","18",0.5,991728,440261,,"-99","-99",2,,1
"Dark Cream Soda","24",0.5,992588,440261,,"-99","-99",7,,1
"Dark Cream Soda","23",2,993834,441314,,"-99","-99",6,,1
"Birch Beer","20",2,994703,441489,,"-99","-99",23,,1
"Old Fashioned Root Beer","12",0.5,995534,441489,,"-99","-99",11,,1
"Diet Cream Soda","30",2,996375,441314,,"-99","-99",24,,1
"Diet energy drink","39",2,996376,441314,,"-99","-99",20,,1
"Dark Cream Soda","22",1,997298,441489,,"-99","-99",12,,1
"Orange juice","37",0.5,997681,441314,,"-99","-99",9,,1
"Diet Root Beer","14",2,998128,441314,,"-99","-99",9,,1
"Dark Cream Soda","23",2,999024,441489,,"-99","-99",17,,1
"Diet Cream Soda","29",1,999849,441489,,"-99","-99",18,,1
"Diet energy drink","40",0.5,999850,441489,,"-99","-99",23,,1
"Birch Beer","20",2,1002786,442736,,"-99","-99",4,,1
"Dark Cream Soda","22",1,1002787,442736,,"-99","-99",7,,1
"Old Fashioned Root Beer","12",0.5,1005952,443040,,"-99","-99",4,,1
"Diet energy drink","40",0.5,1006260,442736,,"-99","-99",2,,1
"Diet Root Beer","15",0.5,1006384,443040,,"-99","-99",5,,1
"Diet Cream Soda","30",2,1006385,443040,,"-99","-99",30,,1
"Orange juice","35",1,1007666,443040,,"-99","-99",21,,1
"Grapefruit juice","33",2,1008044,443040,,"-99","-99",5,,1
"Diet energy drink","38",1,1008045,443040,,"-99","-99",26,,1
"Vanilla Cream Soda","26",2,1008223,443545,,"-99","-99",15,,1
"Energy drink","17",2,1008659,443545,,"-99","-99",17,,1
"Orange juice","36",2,1008878,443040,,"-99","-99",34,,1
"Old Fashioned Root Beer","11",2,1009691,444059,,"-99","-99",29,,1
"Grapefruit juice","33",2,1010064,444059,,"-99","-99",26,,1
"Diet Root Beer","14",2,1010788,443545,,"-99","-99",8,,1
"Energy drink","18",0.5,1011426,444059,,"-99","-99",25,,1
"Diet Root Beer","15",0.5,1014005,444059,,"-99","-99",23,,1
"Dark Cream Soda","23",2,1014006,444059,,"-99","-99",17,,1
"Energy drink","17",2,1014416,444059,,"-99","-99",16,,1
"Energy drink","16",1,1014852,444059,,"-99","-99",3,,1
"Diet energy drink","40",0.5,1015228,444059,,"-99","-99",12,,1
"Diet energy drink","39",2,1015662,444059,,"-99","-99",21,,1
"Dark Cream Soda","23",2,1054418,451497,,"-99","-99",5,,1
"Energy drink","16",1,1055679,451497,,"-99","-99",1,,1
"Dark Cream Soda","22",1,1056837,452376,,"-99","-99",2,,1
"Old Fashioned Root Beer","10",1,1060678,452376,,"-99","-99",8,,1
"Diet Root Beer","15",0.5,1063258,452376,,"-99","-99",3,,1
"Old Fashioned Root Beer","11",2,1063647,452376,,"-99","-99",1,,1
"Diet Root Beer","13",1,1069968,454502,,"-99","-99",8,,1
"Grapefruit juice","33",2,1070329,454317,,"-99","-99",8,,1
"Old Fashioned Root Beer","12",0.5,1070385,454502,,"-99","-99",10,,1
"Vanilla Cream Soda","27",0.67,1070759,454317,,"-99","-99",3,,1
"Vanilla Cream Soda","26",2,1071626,454317,,"-99","-99",19,,1
"Trappiste Beer","41",0.33,1071738,454608,,"-99","-99",8,,1
"Diet energy drink","39",2,1072146,454502,,"-99","-99",6,,1
"Old Fashioned Root Beer","11",2,1072585,454502,,"-99","-99",8,,1
"Diet Cream Soda","29",1,1072586,454502,,"-99","-99",5,,1
"Diet Root Beer","15",0.5,1073287,454317,,"-99","-99",29,,1
"Vanilla Cream Soda","25",1,1073688,454317,,"-99","-99",10,,1
"Energy drink","16",1,1074133,454317,,"-99","-99",23,,1
"Diet Root Beer","14",2,1074591,454317,,"-99","-99",25,,1
"Trappiste Beer","41",0.33,1075022,454317,,"-99","-99",30,,1
"Grapefruit juice","34",0.5,1075461,454317,,"-99","-99",10,,1
"Dark Cream Soda","24",0.5,1089378,457916,,"-99","-99",29,,1
"Vanilla Cream Soda","26",2,1090308,457916,,"-99","-99",12,,1
"Old Fashioned Root Beer","11",2,1090748,457916,,"-99","-99",8,,1
"Birch Beer","19",1,1090749,457916,,"-99","-99",19,,1
"Diet energy drink","39",2,1090750,457916,,"-99","-99",10,,1
"Orange juice","36",2,1091533,457916,,"-99","-99",20,,1
"Trappiste Beer","41",0.33,1091534,457916,,"-99","-99",8,,1
"Dark Cream Soda","23",2,1091944,457916,,"-99","-99",12,,1
"Old Fashioned Root Beer","10",1,1092848,457916,,"-99","-99",23,,1
"Grapefruit juice","33",2,1092849,457916,,"-99","-99",17,,1
"Orval Beer","42",0.33,1092850,457916,,"-99","-99",27,,1
"Orange juice","36",2,1093419,458234,,"-99","-99",26,,1
"Diet energy drink","40",0.5,1093710,457916,,"-99","-99",18,,1
"Birch Beer","19",1,1094366,458470,,"-99","-99",8,,1
"Diet Cream Soda","30",2,1094499,457916,,"-99","-99",18,,1
"Energy drink","16",1,1094710,458470,,"-99","-99",8,,1
"Orange juice","35",1,1094931,457916,,"-99","-99",21,,1
"Energy drink","17",2,1095384,457916,,"-99","-99",1,,1
"Dark Cream Soda","24",0.5,1097215,458234,,"-99","-99",7,,1
"Vanilla Cream Soda","25",1,1097748,458470,,"-99","-99",2,,1
"Vanilla Cream Soda","26",2,1098549,458470,,"-99","-99",2,,1
"Old Fashioned Root Beer","12",0.5,1111913,461227,,"-99","-99",9,,1
"Diet energy drink","39",2,1111914,461227,,"-99","-99",4,,1
"Dark Cream Soda","24",0.5,1114905,461227,,"-99","-99",1,,1
"Energy drink","18",0.5,1121432,462994,,"-99","-99",8,,1
"Vanilla Cream Soda","25",1,1122232,462994,,"-99","-99",9,,1
"Diet Cream Soda","29",1,1123963,462994,,"-99","-99",10,,1
