"cod_cliente","nombre","tipo"
" 1001","Nowmer, Sheri","minorista"
" 1002","Whelply, Derrick","minorista"
" 1003","Derry, Jeanne","minorista"
" 1004","Spence, Michael","minorista"
" 1005","Gutierrez, Maya","minorista"
" 1006","Damstra, Robert","minorista"
" 1007","Kanagaki, Rebecca","minorista"
" 1008","Brunner, Kim","minorista"
" 1009","Blumberg, Brenda","minorista"
" 1010","Stanz, Darren","minorista"
" 1011","Murraiin, Jonathan","minorista"
" 1012","Creek, Jewel","minorista"
" 1013","Medina, Peggy","minorista"
" 1014","Rutledge, Bryan","minorista"
" 1015","Cavestany, Walter","minorista"
" 1016","Planck, Peggy","minorista"
" 1017","Marshall, Brenda","minorista"
" 1018","Wolter, Daniel","minorista"
" 1019","Collins, Dianne","minorista"
" 1020","Baker, Beverly","minorista"
" 1021","Castillo, Pedro","minorista"
" 1022","Borges, Laurie","minorista"
" 1023","Wyro, Shauna","minorista"
" 1024","Wyllie, Jacqueline","minorista"
" 1025","Conley, Lin","minorista"
" 1026","Bernard, Jose","minorista"
" 1027","Macaluso, Charles","minorista"
" 1028","Wood, Lois","minorista"
" 1029","Armstrong, Kevin","minorista"
" 1030","Goldey, Cody","minorista"
" 1031","Nickell, Paula","minorista"
" 1032","Long, Eric","minorista"
" 1033","Solimena, Mary","minorista"
" 1034","Muenich, Nathan","minorista"
" 1035","Young, Ed","minorista"
" 1036","Arnold, Donna","minorista"
" 1037","Cooper, Jennifer","minorista"
" 1038","Petty, Peggy","minorista"
" 1039","Olguin, Jessica","minorista"
" 1040","Burchett, Phyllis","minorista"
" 1041","Bechard, Howard","minorista"
" 1042","Carter, Doris","minorista"
" 1043","Sharp, Juanita","minorista"
" 1044","Brunner, Sandra","minorista"
" 1045","Staton, Ernest","minorista"
" 1046","Sims, Rose","minorista"
" 1047","De Carlo, Lauretta","minorista"
" 1048","Williams, Mary","minorista"
" 1049","Burke, Terri","minorista"
" 1050","Osborn, Audrey","minorista"
" 1051","Binai, Brian","minorista"
" 1052","Lozada, Concepcion","minorista"
" 1053","Tays, Paul","minorista"
" 1054","Thorton, Cheryl","minorista"
" 1055","Dumin, Gary","minorista"
" 1056","Chin, Pat","minorista"
" 1057","Lovell, Zach","minorista"
" 1058","Ratcliff, Dave","minorista"
" 1059","Moss, Elizabeth","minorista"
" 1060","Anderson, Lori","minorista"
" 1061","Everson, Michael","minorista"
" 1062","Borden, Mary","minorista"
" 1063","Willson, Sue","minorista"
" 1064","Harris, Clayton","minorista"
" 1065","Contreras, Whitney","minorista"
" 1066","Pusedu, Boyd","minorista"
" 1067","Stedman, Cian","minorista"
" 1068","Zocchi, Michele","minorista"
" 1069","Walsh, Jean","minorista"
" 1070","Renfro, Leopoldo","minorista"
" 1071","Brockett, Donna","minorista"
" 1072","Anderson, Laurie","minorista"
" 1073","Gomez, Louis","minorista"
" 1074","Walker, Julie","minorista"
" 1075","Jones, Jay","minorista"
" 1076","Winfrey, Gayle","minorista"
" 1077","Brown, Yasmina","minorista"
" 1078","Touchstone, Joseph","minorista"
" 1079","Bakhtyari, Mary","minorista"
" 1080","Glass, Melvin","minorista"
" 1081","Cohen, Kristin","minorista"
" 1082","Kharman, Susan","minorista"
" 1083","Kirschner, Gordon","minorista"
" 1084","Burger, William","minorista"
" 1085","Blau, Lana","minorista"
" 1086","Derby, Donna","minorista"
" 1087","Thomson, Kathleen","minorista"
" 1088","Walton, Gabriel","minorista"
" 1089","Meastas, Bishop","minorista"
" 1090","Kouba, Geneva","minorista"
" 1091","Clark, Tricia","minorista"
" 1092","Munn, Debi","minorista"
" 1093","Goldberg, Patricia","minorista"
" 1094","Magenheim, Susan","minorista"
" 1095","Hance, Nancy","minorista"
" 1096","Mehlert, Rhonda","minorista"
" 1097","Duran, Paula","minorista"
" 1098","Earley, Margaret","minorista"
" 1099","Horne, Elizabeth","minorista"
" 1100","Hunt, Mary","minorista"
" 1101","Allen, Libby","minorista"
" 1102","Bruno, Bonnie","minorista"
" 1103","Bowers, Angela","minorista"
" 1104","Gonzales, Donald","minorista"
" 1105","Valdez, Sylvester","minorista"
" 1106","Stewart, John","minorista"
" 1107","Velasquez, Barney","minorista"
" 1108","Dubois, Kenneth","minorista"
" 1109","Maestas, Kate","minorista"
" 1110","Underwood, Josie","minorista"
" 1111","Strain, Ramon","minorista"
" 1112","Azari, Pat","minorista"
" 1113","Dabit, Bob","minorista"
" 1114","Carmona, Marty","minorista"
" 1115","Saxton, Gina","minorista"
" 1116","McLaughlin, Juan","minorista"
" 1117","Eyster, Carol","minorista"
" 1118","Henry, Nancy","minorista"
" 1119","Barros, Chris","minorista"
" 1120","Groome, Christopher","minorista"
" 1121","Hill, Anna","minorista"
" 1122","Williams, Ramon","minorista"
" 1123","Masters, Scott","minorista"
" 1124","Brady, Jr., Joseph","minorista"
" 1125","Gray, Ellen","minorista"
" 1126","Fielder, Henry","minorista"
" 1127","Finnell, Jeanine","minorista"
" 1128","Schuetz, Ian","minorista"
" 1129","Runyon, Richard","minorista"
" 1130","Potter, Linda","minorista"
" 1131","Smith, Mary","minorista"
" 1132","Brumagen, Barbara","minorista"
" 1133","Hamilton, Thelma","minorista"
" 1134","J Wilbert, Shirley","minorista"
" 1135","Ingram, Jeremy","minorista"
" 1136","Haddix, Sharon","minorista"
" 1137","Thomas, Leland","minorista"
" 1138","Wilson, Don","minorista"
" 1139","Stovall, Wayne","minorista"
" 1140","Russell, Douglas","minorista"
" 1141","Doose, Maureen","minorista"
" 1142","Morreale, Ann","minorista"
" 1143","Rupert, Sheila","minorista"
" 1144","Pierson, Ashley","minorista"
" 1145","Nickels, Ivan","minorista"
" 1146","Neuhauser, Chad","minorista"
" 1147","Coke, Ann","minorista"
" 1148","Scarbrough, Jon","minorista"
" 1149","Martensen, Lillian","minorista"
" 1150","McCormick, Mary","minorista"
" 1151","Sparacino, James","minorista"
" 1152","Racette, John","minorista"
" 1153","Thompson, Edwardo","minorista"
" 1154","Warren, Sam","minorista"
" 1155","Chow-Wang, Shelby","minorista"
" 1156","Wood, Nelly","minorista"
" 1157","Morgan, Jackie","minorista"
" 1158","Boje, Gavin","minorista"
" 1159","Tsujimoto, Marlene","minorista"
" 1160","Bouton, RitaIva","minorista"
" 1161","Gras, Dell","minorista"
" 1162","Solano, Christopher","minorista"
" 1163","Armstrong, George","minorista"
" 1164","Aldred, Kristine","minorista"
" 1165","Jorgenson, Tom","minorista"
" 1166","Turner, Dana","minorista"
" 1167","Zakerski, Terry","minorista"
" 1168","Carlson, David","minorista"
" 1169","Symons, Linda","minorista"
" 1170","Reynolds, Louis","minorista"
" 1171","Ibsen, Maureen","minorista"
" 1172","Ciochon, Virginia","minorista"
" 1173","Berger, Steve","minorista"
" 1174","Bayol, James","minorista"
" 1175","Thumann, Meredith","minorista"
" 1176","Jones, Julie","minorista"
" 1177","Bury, Janet","minorista"
" 1178","Bevan, Onita","minorista"
" 1179","Monarco, Mary","minorista"
" 1180","Zingarelli, Vicky","minorista"
" 1181","Valentine, Helen","minorista"
" 1182","Scheulen, Carol","minorista"
" 1183","Koon, Virgie","minorista"
" 1184","Amole, Sarah","minorista"
" 1185","Hill, Cecil","minorista"
" 1186","Tate, Ruth","minorista"
" 1187","Schnurr, Larry","minorista"
" 1188","Sutton, Jerry","minorista"
" 1189","Mlincek, Kevin","minorista"
" 1190","Tucker, Edward","minorista"
" 1191","Forham, Kenton","minorista"
" 1192","Malik, Brittany","minorista"
" 1193","Eldridge, Jeannette","minorista"
" 1194","Anderson, Terry","minorista"
" 1195","Sosa, Loni","minorista"
" 1196","Mann, Marie","minorista"
" 1197","Prater, Michael","minorista"
" 1198","Ansaldo, Karen","minorista"
" 1199","Caijem, Lance","minorista"
" 1200","Yates, Pamela","minorista"
" 1201","Turner, Iwona","minorista"
" 1202","Fulcher, Mary","minorista"
" 1203","Berg, Raymond","minorista"
" 1204","Lopez, Ramona","minorista"
" 1205","Valdivia, Helen","minorista"
" 1206","Cardoza, Beverly","minorista"
" 1207","Hall, Mary","minorista"
" 1208","Minarick, Rachel","minorista"
" 1209","Los Olmos, Dorine","minorista"
" 1210","Garner, Dave","minorista"
" 1211","Leong, Lois","minorista"
" 1212","Tate, Larasa","minorista"
" 1213","Watson, David","minorista"
" 1214","Frank, James","minorista"
" 1215","Wood, Alfredo","minorista"
" 1216","Baird, Dorothy","minorista"
" 1217","Jans, George","minorista"
" 1218","Garrison, Bernadine","minorista"
" 1219","Zeller, Sam","minorista"
" 1220","Ace, Dorothy","minorista"
" 1221","Trujillo, Adria","minorista"
" 1222","McCown, Bunny","minorista"
" 1223","Miller, Nancy","minorista"
" 1224","Hollar, Wanda","minorista"
" 1225","Wallin, Barbara","minorista"
" 1226","Bruha, Michael","minorista"
" 1227","Suggs, Michael","minorista"
" 1228","Turner, Kenneth","minorista"
" 1229","Griffin, Lois","minorista"
" 1230","Guardamondo, Robert","minorista"
" 1231","West, Bryan","minorista"
" 1232","Welsh, Vicki","minorista"
" 1233","McCollum, Harvey","minorista"
" 1234","Cramer, Mary","minorista"
" 1235","Fike, Linda","minorista"
" 1236","Adair, Sam","minorista"
" 1237","Kolosso, Jerry","minorista"
" 1238","Carpenter, Todd","minorista"
" 1239","Watkins, Lisa","minorista"
" 1240","Barrera, Kevin","minorista"
" 1241","Price, Maria","minorista"
" 1242","Rosemont, Flossie","minorista"
" 1243","McMenama, Betty","minorista"
" 1244","Lyons, Max","minorista"
" 1245","Sandy Kurtz, Christine","minorista"
" 1246","Santry, Rita","minorista"
" 1247","Quigle, Catherine","minorista"
" 1248","Christensen, Patricia","minorista"
" 1249","Mercurio, Anne","minorista"
" 1250","McGrath, Louis","minorista"
" 1251","Wright, Rachael","minorista"
" 1252","Skuce, Richard","minorista"
" 1253","Coleman, George","minorista"
" 1254","Barnes, Lois","minorista"
" 1255","Camille, Jacky","minorista"
" 1256","Allenbach, Michelle","minorista"
" 1257","Smith, Franklin","minorista"
" 1258","Minker, John","minorista"
" 1259","Jimenez, Sarah","minorista"
" 1260","Malaby, Darwin","minorista"
" 1261","Caldwell, Pamela","minorista"
" 1262","Tinder, Roger","minorista"
" 1263","Kropff, Joseph","minorista"
" 1264","Worsham, Mimi","minorista"
" 1265","Bernal, Ruth","minorista"
" 1266","Zimmerman, Yolanda","minorista"
" 1267","Evans, Sandra","minorista"
" 1268","Bowman, Virginia","minorista"
" 1269","Coleman, Mary","minorista"
" 1270","Chrisulis, Kevin","minorista"
" 1271","Whitcomb, Lee","minorista"
" 1272","Turcios, Brian","minorista"
" 1273","Confetti, Jennifer","minorista"
" 1274","Takemura, Geneva","minorista"
" 1275","Campbell, Lynn","minorista"
" 1276","Smith, Nina","minorista"
" 1277","Vuong, Darrell","minorista"
" 1278","Abbott, Eric","minorista"
" 1279","Liff, Doris","minorista"
" 1280","Steinberg, John","minorista"
" 1281","Megel, Jerry","minorista"
" 1282","Styles, John","minorista"
" 1283","Head, Shirley","minorista"
" 1284","Story, James","minorista"
" 1285","Boone, Jean","minorista"
" 1286","Mccoy, Ralph","minorista"
" 1287","Tuck, Anne","minorista"
" 1288","Sincich, Joy","minorista"
" 1289","Jameson, Bertha","minorista"
" 1290","Sanchez, Charles","minorista"
" 1291","Parks, Wanda","minorista"
" 1292","Vij, Nathan","minorista"
" 1293","Zugschwert, Corinne","minorista"
" 1294","Adams, Michelle","minorista"
" 1295","Steen, Donahue","minorista"
" 1296","Baker, John","minorista"
" 1297","Pearl, Keith","minorista"
" 1298","Roundtree, Sarah","minorista"
" 1299","Bollin, Lawrence","minorista"
" 1300","Hopkins, Fred","minorista"
" 1301","Vicknair, Caroline","minorista"
" 1302","McPhearson, Nancy","minorista"
" 1303","Albright, Anna","minorista"
" 1304","Thomas, Phyllis","minorista"
" 1305","Perko, Tina","minorista"
" 1306","McCarty, Jane","minorista"
" 1307","Bent, Scot","minorista"
" 1308","Chambers, Pat","minorista"
" 1309","Bellifa, Stanley","minorista"
" 1310","Johnson, Samuel","minorista"
" 1311","Vrins, Janice","minorista"
" 1312","Mcdonald, Christinia","minorista"
" 1313","Weldon, Ole","minorista"
" 1314","Choin, Ruth","minorista"
" 1315","Crow, Sharon","minorista"
" 1316","Avalos, Robert","minorista"
" 1317","Jacobsen, Eric","minorista"
" 1318","Castro, Pamela","minorista"
" 1319","Caldwell, Sylvia","minorista"
" 1320","Reed, Russell","minorista"
" 1321","Kelley, Victor","minorista"
" 1322","Taylor, Damon","minorista"
" 1323","Robinson, Rebecca","minorista"
" 1324","Thomsen, Andrea","minorista"
" 1325","Baldwin, Douglas","minorista"
" 1326","Yuhasz, Ian","minorista"
" 1327","Carmody, Jovita","minorista"
" 1328","Gonzales, Lynn","minorista"
" 1329","Allen, Phyllis","minorista"
" 1330","Caprio, Johnny","minorista"
" 1331","Slaven, Lanna","minorista"
" 1332","Ortiz, Fred","minorista"
" 1333","Beaver, John","minorista"
" 1334","Rhodes, Albert","minorista"
" 1335","Kaffer, Scott","minorista"
" 1336","Bales, Jennifer","minorista"
" 1337","Stotka, Louis","minorista"
" 1338","Maynard, Sandra","minorista"
" 1339","Tuell, Gracia","minorista"
" 1340","Burnett, Timothy","minorista"
" 1341","Haugh, James","minorista"
" 1342","Moberly, Paula","minorista"
" 1343","Meyer, Eric","minorista"
" 1344","Orona, Gloria","minorista"
" 1345","Warmack, Ruth","minorista"
" 1346","Wall, Joanna","minorista"
" 1347","Appelbaum, Sabria","minorista"
" 1348","Kung, Jeffrey","minorista"
" 1349","Wilson, Gloria","minorista"
" 1350","Tuffield, Phyllis","minorista"
" 1351","Ping, Patricia","minorista"
" 1352","Shepard, David","minorista"
" 1353","Bailey, James","minorista"
" 1354","Chestnut, Susan","minorista"
" 1355","Toone, Delia","minorista"
" 1356","Armstrong, Thomas","minorista"
" 1357","Billstrom, Mary","minorista"
" 1358","Stotka, Robert","minorista"
" 1359","Johnson, Danielle","minorista"
" 2001","Son, Alma","mayorista"
" 2002","Brandon, Cornelius","mayorista"
" 2003","Quintana, Monica","mayorista"
" 2004","Colon, John","mayorista"
" 2005","Barlow, Brenda","mayorista"
" 2006","Adina, Ronald","mayorista"
" 2007","Bohling, Michael","mayorista"
" 2008","Wheeler, Sam","mayorista"
" 2009","Swearengin, Abraham","mayorista"
" 2010","Givens, David","mayorista"
" 2011","Beanston, Glenna","mayorista"
" 2012","Bruno, Dirk","mayorista"
" 2013","Berger, Alexander","mayorista"
" 2014","Sultan, Marcia","mayorista"
" 2015","Svoboda, Martin","mayorista"
" 2016","Tullao, Mary","mayorista"
" 2017","Hernandez, Irene","mayorista"
" 2018","Wilkie, Jay Saxema","mayorista"
" 2019","Lunt, Sean","mayorista"
" 2020","Fulton, Paul","mayorista"
" 2021","Dillon, Rudolph","mayorista"
" 2022","Miller, Matthew","mayorista"
" 2023","Stern, Vassar","mayorista"
" 2024","Suffin, Ruth","mayorista"
" 2025","Cleary, Kristine","mayorista"
" 2026","Homax, Jaunita","mayorista"
" 2027","Adams, Margaret","mayorista"
" 2028","Zubaty, Carla","mayorista"
" 2029","Khan, Tammy","mayorista"
" 2030","Brinkd, David","mayorista"
" 2031","Clark, James","mayorista"
" 2032","Dennis, Helen","mayorista"
" 2033","Brumfield, Eric","mayorista"
" 2034","Sanchez, Madalena","mayorista"
" 2035","Suess, Gary","mayorista"
" 2036","Trach, Glenn","mayorista"
" 2037","White, Cynthia","mayorista"
" 2038","Brian, Walter","mayorista"
" 2039","Trujillo, Christie","mayorista"
" 2040","Alameda, Lili","mayorista"
" 2041","Fox, Dorothy","mayorista"
" 2042","Gallagher, Aldeen","mayorista"
" 2043","Myer, Dorothy","mayorista"
" 2044","Byrnes, David","mayorista"
" 2045","Ryan, Justine","mayorista"
" 2046","Chand, Forrest","mayorista"
" 2047","Vanderkamp, Margaret","mayorista"
" 2048","Carroll, Rosmarie","mayorista"
" 2049","Contreras, Dorothy","mayorista"
" 2050","Cantoni, Joseph","mayorista"
" 2051","Reed, Celine","mayorista"
" 2052","Peterson, Glin","mayorista"
" 2053","Osborn, Stephen","mayorista"
" 2054","Graham., Lowell","mayorista"
" 2055","Shaddy, Jamie","mayorista"
" 2056","Haemon, Hattie","mayorista"
" 2057","Krow, Jame","mayorista"
" 2058","Belli, Shane","mayorista"
" 2059","Porter, Ethel","mayorista"
" 2060","Lesko, Gloria","mayorista"
" 2061","Worland, Michael","mayorista"
" 2062","Torre, Alvin","mayorista"
" 2063","Ramos, Susan","mayorista"
" 2064","Christie, Jill","mayorista"
" 2065","Zocchi, Juanita","mayorista"
" 2066","Altamirano, Sandra","mayorista"
" 2067","Benson, Edna","mayorista"
" 2068","Deborde, Alexander","mayorista"
" 2069","Calone, Barbara","mayorista"
" 2070","Pompa, Cheryl","mayorista"
" 2071","Traube, Doris","mayorista"
" 2072","Sloan, Cathy","mayorista"
" 2073","Villa, Homer","mayorista"
" 2074","Herman, Deena","mayorista"
" 2075","Roberts, Leota","mayorista"
" 2076","Mc Clane, John","mayorista"
" 2077","Maxham, Jennifer","mayorista"
" 2078","Sullivan, Elizabeth","mayorista"
" 2079","Watada, Irene","mayorista"
" 2080","Rhiger, Constance","mayorista"
" 2081","Finley, Rhoda","mayorista"
" 2082","Winter, Kathleen","mayorista"
" 2083","Adams, Carla","mayorista"
" 2084","Tench, Vanessa","mayorista"
" 2085","Brink, Carol","mayorista"
" 2086","Reynolds, Adam","mayorista"
" 2087","Posner, Constance","mayorista"
" 2088","Hapke, William","mayorista"
" 2089","Huff, Joshua","mayorista"
" 2090","Brown, Carolee","mayorista"
" 2091","Giglio, Frances","mayorista"
" 2092","Sherwood, Irma","mayorista"
" 2093","Becker, Benjamin","mayorista"
" 2094","Tedford, Chad","mayorista"
" 2095","Roy, Luke","mayorista"
" 2096","Holloway, Jean","mayorista"
" 2097","Trau, Olga","mayorista"
" 2098","Carnes, Steve","mayorista"
" 2099","Potts, Betty","mayorista"
" 2100","Kozlowski, Edward","mayorista"
" 2101","Looney, Sharon","mayorista"
" 2102","Magenheimer, Patrick","mayorista"
" 2103","Hofsetz, Sue","mayorista"
" 2104","Gilliat, Janet","mayorista"
" 2105","Wojcik, Charlene","mayorista"
" 2106","Wolf, Eunice","mayorista"
" 2107","Whitworth, Kelly","mayorista"
" 2108","Thames, Judy","mayorista"
" 2109","Rusek, Pearlie","mayorista"
" 2110","Justice, Peggy","mayorista"
" 2111","Conner, William","mayorista"
" 2112","Bauer, Ciro","mayorista"
" 2113","Collins, Takiko","mayorista"
" 2114","Smith, Leonard","mayorista"
" 2115","Yasi, Lenore","mayorista"
" 2116","Bowman, Lester","mayorista"
" 2117","Germanson, Barbara","mayorista"
" 2118","Smith, Mary","mayorista"
" 2119","Serventi, Alice","mayorista"
" 2120","Chapla, Lee","mayorista"
" 2121","Cameron, DeeDee","mayorista"
" 2122","Zgeirmann, Jo","mayorista"
" 2123","Mondragon, William","mayorista"
" 2124","Allison, Cecil","mayorista"
" 2125","Vargas, Nieves","mayorista"
" 2126","Vlass, Helen","mayorista"
" 2127","Gonzalez, Abigail","mayorista"
" 2128","Ison, Denean","mayorista"
" 2129","Trent, Billy","mayorista"
" 2130","Vaca, Mary","mayorista"
" 2131","Arbelaez, Kyley","mayorista"
" 2132","Lee, Michael","mayorista"
" 2133","Maes, Walter","mayorista"
" 2134","Antrim, Ramona","mayorista"
" 2135","Friedland, Liam","mayorista"
" 2136","Strange, Charles","mayorista"
" 2137","Richter, William","mayorista"
" 2138","Amland, Maxwell","mayorista"
" 2139","Albury, Z . T. Milton","mayorista"
" 2140","Richmeier, Marie","mayorista"
" 2141","Jacobson, Jodan","mayorista"
" 2142","Bartness, David","mayorista"
" 2143","Cobb, Teanna","mayorista"
" 2144","Lique, M. E. Joseph","mayorista"
" 2145","Bernacchi, Robert","mayorista"
" 2146","Zubaty, Patricia","mayorista"
" 2147","Hunter, Matthew","mayorista"
" 2148","Vonholt, Florence","mayorista"
" 2149","Holmes, Eddie","mayorista"
" 2150","Drury, Gerald","mayorista"
" 2151","Watts, Kristin","mayorista"
" 2152","Short, Carlos","mayorista"
" 2153","Mc Guigan, Robin","mayorista"
" 2154","Wollesen, Dorothy","mayorista"
" 2155","Lee, Marjorie","mayorista"
" 2156","Gimmi, Mary","mayorista"
" 2157","Pugh, Milton","mayorista"
" 2158","Bennetts, John","mayorista"
" 2159","Woodard, Caroline","mayorista"
" 2160","Manzanares, Tomas","mayorista"
" 2161","Stotler, Kayla","mayorista"
" 2162","Peoples, Elizabeth","mayorista"
" 2163","Choi, Mike","mayorista"
" 2164","Quintana, Mary Lou","mayorista"
" 2165","Bright, Christopher","mayorista"
" 2166","Rodgers, Scott","mayorista"
" 2167","Gates, Janet","mayorista"
" 2168","Watkins, Darren","mayorista"
" 2169","Christensen, Charles","mayorista"
" 2170","Banks, Darrell","mayorista"
" 2171","Carlisle, Carlton","mayorista"
" 2172","Tramel, Abe","mayorista"
" 2173","Curry, Jose","mayorista"
" 2174","Haines, Betty","mayorista"
" 2175","Campbell, Deborah","mayorista"
" 2176","Whitney, Catherine","mayorista"
" 2177","Mitchell, Neva","mayorista"
" 2178","Dodd, Cindy","mayorista"
" 2179","Cereghino, Stacey","mayorista"
" 2180","Meyer, Helen","mayorista"
" 2181","Stevens, Olga","mayorista"
" 2182","Campbell, Joan","mayorista"
" 2183","Walker, Silvia","mayorista"
" 2184","Pasumansky, Mosha","mayorista"
" 2185","Whitney, Shawn","mayorista"
" 2186","Saunders, Lloyd","mayorista"
" 2187","Vandenouer, Rose","mayorista"
" 2188","Vincenzi, Eric","mayorista"
" 2189","Herring, Cheryl","mayorista"
" 2190","Garza, Kathleen","mayorista"
" 2191","Westover, Gail","mayorista"
" 2192","Hagemann, Matthew","mayorista"
" 2193","Vasquez, Patricia","mayorista"
" 2194","McCarthy, Lola","mayorista"
" 2195","Bacalzo, Phillip","mayorista"
" 2196","Berch, Marian","mayorista"
" 2197","Taylor, Mike","mayorista"
" 2198","Whipple, Vivian","mayorista"
" 2199","Laursen, Cecilia","mayorista"
" 2200","Olguin, Lee","mayorista"
" 2201","Ayers, Stephen","mayorista"
" 2202","Kotc, Pamala","mayorista"
" 2203","Coriell, Marlin","mayorista"
" 2204","Warthen, Clay","mayorista"
" 2205","Johnson, Greg","mayorista"
" 2206","Huckaby, George","mayorista"
" 2207","Gustafson, Faith","mayorista"
" 2208","Thompson, Donald","mayorista"
" 2209","Hendricks, Valentina","mayorista"
" 2210","Black, Mae","mayorista"
" 2211","Vansant, Carlos","mayorista"
" 2212","Bentley, Richard","mayorista"
" 2213","Ritacco, Thomas","mayorista"
" 2214","Theisen, Karen","mayorista"
" 2215","Berger, John","mayorista"
" 2216","Koski, Joy","mayorista"
" 2217","Fitzgerald, Duane","mayorista"
" 2218","Camacho, Lindsey","mayorista"
" 2219","Alvarado, Selena","mayorista"
" 2220","Brummer, Dick","mayorista"
" 2221","Pinkston, Pat","mayorista"
" 2222","Spivey, Kristin","mayorista"
" 2223","Whiting, Gregory","mayorista"
" 2224","Espinoza, Martha","mayorista"
" 2225","Robinett, David","mayorista"
" 2226","Lundahl, Judy","mayorista"
" 2227","Demicell, Shawn","mayorista"
" 2228","Rousey, Linda","mayorista"
" 2229","Marcovecchio, Kathy","mayorista"
" 2230","Evans, Twanna","mayorista"
" 2231","Storjohann, Judy","mayorista"
" 2232","Maccietto, Denise","mayorista"
" 2233","Buskirk, Deanna","mayorista"
" 2234","Kesslep, Mary","mayorista"
" 2235","Schultz, Barbara","mayorista"
" 2236","Bergin, Kris","mayorista"
" 2237","Steel, Merrill","mayorista"
" 2238","Marple, Melissa","mayorista"
" 2239","Evans, Ann","mayorista"
" 2240","Bruner, Shirley","mayorista"
" 2241","Troyer, Michael John","mayorista"
" 2242","Sandidge, Mary","mayorista"
" 2243","Skonnard, Monk","mayorista"
" 2244","Beck, Christopher","mayorista"
" 2245","Abel, Catherine","mayorista"
" 2246","Miller, Emilo","mayorista"
" 2247","Walker, Hazel","mayorista"
" 2248","Brooks, John","mayorista"
" 2249","Logan, Todd","mayorista"
" 2250","Several, Joshua","mayorista"
" 2251","Thomas, James","mayorista"
" 2252","Vessa, Robert","mayorista"
" 2253","Tran, James","mayorista"
" 2254","Crow, Shelley","mayorista"
" 2255","Sims, Anne","mayorista"
" 2256","Tatman, Clarence","mayorista"
" 2257","Nelsen, Jan","mayorista"
" 2258","Cole, Jeanette","mayorista"
" 2259","Huntsman, Phyllis","mayorista"
" 2260","Arakawa, Hannah","mayorista"
" 2261","Steuber, Wathalee","mayorista"
" 2262","Cox, Pamela","mayorista"
" 2263","Jacobs, Bronson","mayorista"
" 2264","Barley, Rebecca","mayorista"
" 2265","Alvaro, Emilio","mayorista"
" 2266","Waters, Becky","mayorista"
" 2267","Jarvis, A. Joyce","mayorista"
" 2268","Styles, Ruby Sue","mayorista"
" 2269","Glenn, Jeanie","mayorista"
" 2270","Smith, Peggy","mayorista"
" 2271","Duff, Tish","mayorista"
" 2272","Lucero, Anita","mayorista"
" 2273","Burton, Stephen","mayorista"
" 2274","Consentino, Amy","mayorista"
" 2275","Lutes, Helen","mayorista"
" 2276","Ecoffey, Linda","mayorista"
" 2277","Swint, Katherine","mayorista"
" 2278","Slattengren, Dianne","mayorista"
" 2279","Heymsfield, Ronald","mayorista"
" 2280","Whitehead, Steven","mayorista"
" 2281","Roy, Lisa","mayorista"
" 2282","Burkhardt, Ingrid","mayorista"
" 2283","Whitney, Todd","mayorista"
" 2284","Wisnewski, Barbara","mayorista"
" 2285","Burkhardt, Karren","mayorista"
" 2286","Mcanich, Stacie","mayorista"
" 2287","Browning, Mary","mayorista"
" 2288","Wellington, Alexandra","mayorista"
" 2289","Bacugalupi, Cory","mayorista"
" 2290","Rizzi, Stacy","mayorista"
" 2291","Sotelo, William","mayorista"
" 2292","Stanley, Beth","mayorista"
" 2293","Markwood, Jill","mayorista"
" 2294","Valentine, Mildred","mayorista"
" 2295","Reams, Suzann","mayorista"
" 2296","Long, John","mayorista"
" 2297","Olenzek, Edwin","mayorista"
" 2298","Valerio, Jessie","mayorista"
" 2299","Ahlering, Robert","mayorista"
" 2300","Burke, Megan","mayorista"
" 2301","Bates, Karel","mayorista"
" 2302","White, Mike","mayorista"
" 2303","Simpson, Marty","mayorista"
" 2304","Jones, Robert","mayorista"
" 2305","Casts, Raul","mayorista"
" 2306","Browqett, Bridget","mayorista"
" 2307","Kartz, Kay","mayorista"
" 2308","Wold, Audrey","mayorista"
" 2309","French, Susan","mayorista"
" 2310","Pederson, Trish","mayorista"
" 2311","Renn, Eric","mayorista"
" 2312","Catalano, Elizabeth","mayorista"
" 2313","Coleman, Eric","mayorista"
" 2314","Hurkett, Lawrence","mayorista"
" 2315","Pettengill, Sara","mayorista"
" 2316","Elson, Jauna","mayorista"
" 2317","Hirota, Nancy","mayorista"
" 2318","Blasingame, Linda","mayorista"
" 2319","Blackwell, Jackie","mayorista"
" 2320","Moya, Marie","mayorista"
" 2321","Chesnut, Nicky","mayorista"
" 2322","Ortiz, John","mayorista"
" 2323","Tearpak, Stacey","mayorista"
" 2324","Hall, Karen","mayorista"
" 2325","Narberes, Greg","mayorista"
" 2326","Weber, Fannye","mayorista"
" 2327","Kabbes, Diane","mayorista"
